index,id,Name,issueOpenScore,pullRequestMergeScore,commitRatioScore,averageCommitPerDayScore,totalScore
1,201879384,othhotro/Roo.Exe,0.0,0.0,1.0,1.0,0.50617284
2,202939581,2aef/a2ch,0.0,0.0,0.9694541,0.9694541,0.4908999
3,161947323,timvideos/yosys,0.0,1.0,5.6047527E-5,5.6047527E-5,0.17286754
4,168257425,zatoichi-labs/substrate,0.0,1.0,5.6047527E-5,5.6047527E-5,0.17286754
5,128210976,Pandinosaurus/sqlite,0.0,1.0,5.6047527E-5,5.6047527E-5,0.17286754
6,202894961,IMULMUL/Privexec,0.0,1.0,5.6047527E-5,5.6047527E-5,0.17286754
7,192235660,monocilindro/MB-System,0.0,1.0,5.6047527E-5,5.6047527E-5,0.17286754
8,41481804,sadlil/archiva,0.0,1.0,5.6047527E-5,5.6047527E-5,0.17286754
9,205388952,jacebenson/hugoDocs,0.0,1.0,5.6047527E-5,5.6047527E-5,0.17286754
10,202557561,bruvv/valetudoRE,0.0,1.0,5.6047527E-5,5.6047527E-5,0.17286754
11,201594566,nutterthanos/tch-nginx-gui,0.0,1.0,5.6047527E-5,5.6047527E-5,0.17286754
12,153886130,Huevos/enigma2-1,0.0,1.0,5.6047527E-5,5.6047527E-5,0.17286754
13,205615484,xiaolcqbug/aiai,0.0,0.0,6.850254E-5,0.0018495684,0.1672946
14,194797726,icumedtestorganization/Tooltest,0.0,1.0,0.0,0.0,0.16666667
15,96171852,jasongornall/always-green,1.0,0.0,0.0,0.0,0.16666667
16,205614120,symphonyDev/DevPublicRepoAKf6hf07,0.0,0.8,1.12095055E-4,2.2419011E-4,0.14577243
17,15783450,jlord/patchwork,0.0,0.8,2.8023764E-4,2.8023764E-4,0.1396463
18,201292513,nanbowaner/RSSHub,0.0,0.8,1.12095055E-4,1.12095055E-4,0.13956223
19,202899617,IMULMUL/60_Days_RL_Challenge,0.0,0.8,1.12095055E-4,1.12095055E-4,0.13956223
20,144644801,sicsbd/angular-auth-oidc-client,0.0,0.75,1.6814258E-4,1.6814258E-4,0.13125691
21,193857909,liranmauda/noobaa-core,0.0,0.75,1.6814258E-4,1.6814258E-4,0.13125691
22,197107003,aananthraj/botkube,0.0,0.6666667,1.4011882E-4,2.8023764E-4,0.123573564
23,60525392,demisto/content,0.0,3.809395E-6,1.8289193E-4,1.02204314E-4,0.11791126
24,69333906,bgruening/staged-recipes,0.0,0.6666667,2.8023764E-4,2.8023764E-4,0.11742408
25,184922672,JamieMagee/scoop-extras,0.0,0.6666667,2.2419011E-4,2.2419011E-4,0.11739605
26,201074578,canewsin/engine,0.0,0.6666667,2.2419011E-4,2.2419011E-4,0.11739605
27,189211741,fakegit/jellyfin,0.0,0.6666667,1.6814258E-4,1.6814258E-4,0.11736802
28,169527617,osmaelo/Vim,0.0,0.6666667,1.6814258E-4,1.6814258E-4,0.11736802
29,194981522,Azureki/RSSHub,0.0,0.6666667,1.12095055E-4,1.12095055E-4,0.117340006
30,184294714,NavePnow/RSSHub,0.0,0.6666667,1.12095055E-4,1.12095055E-4,0.117340006
31,202901630,IMULMUL/RSSHub,0.0,0.6666667,1.12095055E-4,1.12095055E-4,0.117340006
32,151995206,5H3LL3H5/dry-wit,0.0,0.6666667,1.12095055E-4,1.12095055E-4,0.117340006
33,151706048,KernelPanicAUS/homebrew-cask,0.0,0.6666667,1.12095055E-4,1.12095055E-4,0.117340006
34,98636154,oondeo/charts,0.0,0.6666667,1.12095055E-4,1.12095055E-4,0.117340006
35,163650154,tgly307/RSSHub,0.0,0.6666667,1.12095055E-4,1.12095055E-4,0.117340006
36,191882275,kt286/RSSHub,0.0,0.6666667,1.12095055E-4,1.12095055E-4,0.117340006
37,183417482,tesamamen75z/coreclr,0.0,0.6666667,1.12095055E-4,1.12095055E-4,0.117340006
38,99745040,stackriot/react-starter-kit,0.0,0.6666667,1.12095055E-4,1.12095055E-4,0.117340006
39,83532990,Mattlk13/bitnami-docker-owncloud,0.0,0.6666667,1.12095055E-4,1.12095055E-4,0.117340006
40,199895793,dongbum/phpsysinfo,0.0,0.6666667,1.12095055E-4,1.12095055E-4,0.117340006
41,188971904,hanahmily/charts,0.0,0.6666667,1.12095055E-4,1.12095055E-4,0.117340006
42,168326134,Potapy4/dotnet-cli,0.0,0.6666667,1.12095055E-4,1.12095055E-4,0.117340006
43,146435191,security-geeks/spiderfoot,0.0,0.6666667,1.12095055E-4,1.12095055E-4,0.117340006
44,203697343,mvpvg/ion,0.0,0.6666667,1.12095055E-4,1.12095055E-4,0.117340006
45,192630791,HarrievG/cli,0.0,0.6666667,1.12095055E-4,1.12095055E-4,0.117340006
46,150358162,sctnightcore/doc,0.0,0.6666667,1.12095055E-4,1.12095055E-4,0.117340006
47,162322722,tmvan/clean-architecture-manga,0.0,0.6666667,1.12095055E-4,1.12095055E-4,0.117340006
48,181697932,mTrax-/home-assistant,0.0,0.6666667,1.12095055E-4,1.12095055E-4,0.117340006
49,109026212,next-stack/bitnami-docker-ghost,0.0,0.6666667,1.12095055E-4,1.12095055E-4,0.117340006
50,181394121,hemingyuan/ZXBlog,0.0,0.6666667,1.12095055E-4,1.12095055E-4,0.117340006
51,189890795,fakegit/gimp,0.0,0.6666667,1.12095055E-4,1.12095055E-4,0.117340006
52,171061903,compliment/hosts-blocklists,0.0,0.6666667,1.12095055E-4,1.12095055E-4,0.117340006
53,175218384,kid101x/RSSHub,0.0,0.6666667,1.12095055E-4,1.12095055E-4,0.117340006
54,89721477,stackriot/graphql-server,0.0,0.6666667,1.12095055E-4,1.12095055E-4,0.117340006
55,134125519,nmrony/awesome-scalability,0.0,0.6666667,5.6047527E-5,5.6047527E-5,0.11731198
56,190293051,SammyEnigma/qskinny,0.0,0.6666667,5.6047527E-5,5.6047527E-5,0.11731198
57,60636018,security-geeks/thc-hydra,0.0,0.6666667,5.6047527E-5,5.6047527E-5,0.11731198
58,195118739,zjshen14/libra,0.0,0.6666667,5.6047527E-5,5.6047527E-5,0.11731198
59,160937874,FONZACUS/vim-win32-build,0.0,0.6666667,5.6047527E-5,5.6047527E-5,0.11731198
60,107711664,harshes53/cheatsheets,0.0,0.6666667,5.6047527E-5,5.6047527E-5,0.11731198
61,119662831,Pandinosaurus/opencvsharp,0.0,0.6666667,5.6047527E-5,5.6047527E-5,0.11731198
62,189235009,Pandinosaurus/fastai_docs,0.0,0.6666667,5.6047527E-5,5.6047527E-5,0.11731198
63,172776308,Potapy4/dotnet-core-setup,0.0,0.6666667,5.6047527E-5,5.6047527E-5,0.11731198
64,97223484,fujexo/postgres-formula,0.0,0.6666667,5.6047527E-5,5.6047527E-5,0.11731198
65,114312850,next-stack/bitnami-docker-wordpress,0.0,0.6666667,5.6047527E-5,5.6047527E-5,0.11731198
66,62813424,txti/collection,0.0,0.6666667,5.6047527E-5,5.6047527E-5,0.11731198
67,171419170,fakegit/AUXPI,0.0,0.6666667,5.6047527E-5,5.6047527E-5,0.11731198
68,160174918,mkevenaar/chocolatey-coreteampackages,0.0,0.6666667,5.6047527E-5,5.6047527E-5,0.11731198
69,201542356,mvpvg/sherlock,0.0,0.6666667,5.6047527E-5,5.6047527E-5,0.11731198
70,117972597,patilswapnilv/google-drive-ocamlfuse,0.0,0.6666667,5.6047527E-5,5.6047527E-5,0.11731198
71,171615117,hemanth/nodejs.dev,0.0,0.6666667,5.6047527E-5,5.6047527E-5,0.11731198
72,171918972,pierDipi/website,0.0,0.6666667,5.6047527E-5,5.6047527E-5,0.11731198
73,205501727,fakegit/swizzin,0.0,0.6666667,5.6047527E-5,5.6047527E-5,0.11731198
74,192726655,fakegit/theHarvester,0.0,0.6666667,5.6047527E-5,5.6047527E-5,0.11731198
75,82927866,Mattlk13/bitnami-docker-express,0.0,0.6666667,5.6047527E-5,5.6047527E-5,0.11731198
76,131366975,Mattlk13/swift,0.0,0.6666667,5.6047527E-5,5.6047527E-5,0.11731198
77,176682485,fakegit/Spider-Crack-JS,0.0,0.6666667,5.6047527E-5,5.6047527E-5,0.11731198
78,201233559,Mattlk13/eslint,0.0,0.6666667,5.6047527E-5,5.6047527E-5,0.11731198
79,186673246,Pandinosaurus/tfjs-examples,0.0,0.6666667,5.6047527E-5,5.6047527E-5,0.11731198
80,202894543,IMULMUL/psalm,0.0,0.6666667,5.6047527E-5,5.6047527E-5,0.11731198
81,157642260,3Golds/The-Golang-Standard-Library-by-Example,0.0,0.6666667,5.6047527E-5,5.6047527E-5,0.11731198
82,185474207,bsmout/MeshCentral,0.0,0.6666667,5.6047527E-5,5.6047527E-5,0.11731198
83,155512090,Simcon/dotNetify,0.0,0.6666667,5.6047527E-5,5.6047527E-5,0.11731198
84,124810175,AbuBaniaz/enigma2-OpenPLi,0.0,0.6666667,5.6047527E-5,5.6047527E-5,0.11731198
85,178189682,hyperledgendary/fabric,0.0,0.6666667,5.6047527E-5,5.6047527E-5,0.11731198
86,202909380,IMULMUL/en.javascript.info,0.0,0.6666667,5.6047527E-5,5.6047527E-5,0.11731198
87,33781211,agnivesh/lunar,0.0,0.6666667,5.6047527E-5,5.6047527E-5,0.11731198
88,55685191,nukosuke/annict,0.0,0.6666667,5.6047527E-5,5.6047527E-5,0.11731198
89,46360958,huayl/seaweedfs,0.0,0.6666667,5.6047527E-5,5.6047527E-5,0.11731198
90,42244750,skundrik/kibana,0.0,0.6666667,5.6047527E-5,5.6047527E-5,0.11731198
91,156910746,osmaelo/curriculum,0.0,0.6666667,5.6047527E-5,5.6047527E-5,0.11731198
92,121132610,MartinX3/jetbrains-ppa,0.0,0.6666667,5.6047527E-5,5.6047527E-5,0.11731198
93,128977110,Pandinosaurus/CMake,0.0,0.6666667,5.6047527E-5,5.6047527E-5,0.11731198
94,152840976,zys-contribs/eslint,0.0,0.6666667,5.6047527E-5,5.6047527E-5,0.11731198
95,180992034,watchmetoo4u/obs-studio,0.0,0.6666667,5.6047527E-5,5.6047527E-5,0.11731198
96,202901486,IMULMUL/suricata,0.0,0.6666667,5.6047527E-5,5.6047527E-5,0.11731198
97,144690447,JonathanSimon123/harbor,0.0,0.6666667,5.6047527E-5,5.6047527E-5,0.11731198
98,171643660,frederic-loui/freeRouter,0.0,0.6666667,5.6047527E-5,5.6047527E-5,0.11731198
99,124023585,fakegit/machine-learning-notes,0.0,0.6666667,5.6047527E-5,5.6047527E-5,0.11731198
100,196575554,security-geeks/sherlock,0.0,0.6666667,5.6047527E-5,5.6047527E-5,0.11731198
101,169216055,gollumben/root,0.0,0.6666667,5.6047527E-5,5.6047527E-5,0.11731198
102,199465266,sourismu/shadowsocks-manager,0.0,0.6666667,5.6047527E-5,5.6047527E-5,0.11731198
103,134305748,wei/eslint,0.0,0.6666667,5.6047527E-5,5.6047527E-5,0.11731198
104,83439411,barrymcgee/example-js,0.0,0.6666667,5.6047527E-5,5.6047527E-5,0.11731198
105,179501868,stevepentland/probot.github.io,0.0,0.6666667,5.6047527E-5,5.6047527E-5,0.11731198
106,171741197,rahulunair/pytorch,0.0,0.6666667,5.6047527E-5,5.6047527E-5,0.11731198
107,184138867,derberg/website-1,0.0,0.6666667,5.6047527E-5,5.6047527E-5,0.11731198
108,177615884,Pandinosaurus/Slicer,0.0,0.6666667,5.6047527E-5,5.6047527E-5,0.11731198
109,123631353,stackriot/refined-github,0.0,0.6666667,5.6047527E-5,5.6047527E-5,0.11731198
110,192372314,fakegit/wiki,0.0,0.6666667,5.6047527E-5,5.6047527E-5,0.11731198
111,194017192,jtcmedia/k3s,0.0,0.6666667,5.6047527E-5,5.6047527E-5,0.11731198
112,169583248,philipmnelson/cutter,0.0,0.6666667,5.6047527E-5,5.6047527E-5,0.11731198
113,184329585,careybaird/tfc-btnm-wp,0.0,0.6666667,5.6047527E-5,5.6047527E-5,0.11731198
114,114551195,AbuBaniaz/mediaportal-uk-logos,0.0,0.6666667,5.6047527E-5,5.6047527E-5,0.11731198
115,151311216,yaplej/suricata,0.0,0.6666667,5.6047527E-5,5.6047527E-5,0.11731198
116,163861539,Pandinosaurus/RetroPie-Setup,0.0,0.6666667,5.6047527E-5,5.6047527E-5,0.11731198
117,159841184,aircredit/Parchment,0.0,0.6666667,5.6047527E-5,5.6047527E-5,0.11731198
118,189861810,stevepentland/tilix,0.0,0.6666667,5.6047527E-5,5.6047527E-5,0.11731198
119,202902710,IMULMUL/ctf-wiki,0.0,0.6666667,5.6047527E-5,5.6047527E-5,0.11731198
120,124503113,bgruening/cf-scripts,0.0,0.6666667,5.6047527E-5,5.6047527E-5,0.11731198
121,68056079,rahulunair/requirements,0.0,0.6666667,5.6047527E-5,5.6047527E-5,0.11731198
122,83380443,Mattlk13/cabal,0.0,0.6666667,5.6047527E-5,5.6047527E-5,0.11731198
123,170524759,zys-contribs/nodejs.dev,0.0,0.6666667,5.6047527E-5,5.6047527E-5,0.11731198
124,202897087,IMULMUL/sec_profile,0.0,0.6666667,5.6047527E-5,5.6047527E-5,0.11731198
125,151327831,Jared-Dev/docz,0.0,0.6666667,5.6047527E-5,5.6047527E-5,0.11731198
126,18824406,patilswapnilv/twitter.github.com,0.0,0.6666667,5.6047527E-5,5.6047527E-5,0.11731198
127,192853730,nutterthanos/hack-technicolor,0.0,0.6666667,5.6047527E-5,5.6047527E-5,0.11731198
128,182922447,symfu/ios-chat,0.0,0.6666667,5.6047527E-5,5.6047527E-5,0.11731198
129,162183036,bitst0rm-st3/eslint,0.0,0.6666667,5.6047527E-5,5.6047527E-5,0.11731198
130,151919720,zys-contribs/ant-design-pro,0.0,0.6666667,5.6047527E-5,5.6047527E-5,0.11731198
131,178015140,kofj/cheatsheets,0.0,0.6666667,5.6047527E-5,5.6047527E-5,0.11731198
132,175090647,fakegit/bt,0.0,0.6666667,5.6047527E-5,5.6047527E-5,0.11731198
133,50924770,davidaparicio/hoverboard,0.0,0.6666667,5.6047527E-5,5.6047527E-5,0.11731198
134,170484640,scatenag/awesome-quantum-computing,0.0,0.6666667,5.6047527E-5,5.6047527E-5,0.11731198
135,177885817,andrewmcodes/docker-rails,0.0,0.6666667,5.6047527E-5,5.6047527E-5,0.11731198
136,204213425,Manon120184/Automato-ATITD9,0.0,0.6666667,5.6047527E-5,5.6047527E-5,0.11731198
137,201880092,patilswapnilv/refined-github,0.0,0.6666667,5.6047527E-5,5.6047527E-5,0.11731198
138,176935947,Asnivor/Sonarr,0.0,0.6666667,5.6047527E-5,5.6047527E-5,0.11731198
139,205078283,matthewbegun/protobuf-unity,0.0,0.6666667,5.6047527E-5,5.6047527E-5,0.11731198
140,201762073,monocilindro/stoqs,0.0,0.6666667,5.6047527E-5,5.6047527E-5,0.11731198
141,188388499,rolfberkenbosch/docker-pi-hole,0.0,0.6666667,5.6047527E-5,5.6047527E-5,0.11731198
142,199110535,newb23/MagitekRoutine,0.0,0.6666667,5.6047527E-5,5.6047527E-5,0.11731198
143,157068153,Pandinosaurus/google-research,0.0,0.6666667,5.6047527E-5,5.6047527E-5,0.11731198
144,202898466,IMULMUL/AD-Attack-Defense,0.0,0.6666667,5.6047527E-5,5.6047527E-5,0.11731198
145,151280840,5H3LL3H5/vim-sensible,0.0,0.6666667,5.6047527E-5,5.6047527E-5,0.11731198
146,151280521,5H3LL3H5/vim-fugitive,0.0,0.6666667,5.6047527E-5,5.6047527E-5,0.11731198
147,200057176,ADIX7/vscode-git-graph,0.0,0.6666667,5.6047527E-5,5.6047527E-5,0.11731198
148,135145630,Monogramm/oblyon,0.0,0.6666667,5.6047527E-5,5.6047527E-5,0.11731198
149,136036598,security-geeks/gopass,0.0,0.6666667,5.6047527E-5,5.6047527E-5,0.11731198
150,158063180,jarvanh/yii2_fecshop,0.0,0.6666667,5.6047527E-5,5.6047527E-5,0.11731198
151,160197740,SweetOps/charts,0.0,0.6666667,5.6047527E-5,5.6047527E-5,0.11731198
152,189580814,xPixv/SteamDatabaseBackend,0.0,0.6666667,5.6047527E-5,5.6047527E-5,0.11731198
153,19446281,podarok/tz,0.0,0.6666667,5.6047527E-5,5.6047527E-5,0.11731198
154,202899454,IMULMUL/bat,0.0,0.6666667,5.6047527E-5,5.6047527E-5,0.11731198
155,195337904,db-apps/mariadb-server,0.0,0.6666667,5.6047527E-5,5.6047527E-5,0.11731198
156,205392402,nicolaszf/Magisk,0.0,0.6666667,5.6047527E-5,5.6047527E-5,0.11731198
157,145336289,shakir-abdo/awesome-feathersjs,0.0,0.6666667,5.6047527E-5,5.6047527E-5,0.11731198
158,54248941,vorot93/boinc,0.0,0.6666667,5.6047527E-5,5.6047527E-5,0.11731198
159,173935673,Pandinosaurus/yolov3-1,0.0,0.6666667,5.6047527E-5,5.6047527E-5,0.11731198
160,197897624,devdbrandy/in-60-seconds,0.0,0.6666667,5.6047527E-5,5.6047527E-5,0.11731198
161,169743984,fdiocitest/vpp,0.0,0.6666667,5.6047527E-5,5.6047527E-5,0.11731198
162,97794507,disksing/tidb,0.0,0.6666667,5.6047527E-5,5.6047527E-5,0.11731198
163,196413441,joe9111/loopback-next,0.0,0.6666667,5.6047527E-5,5.6047527E-5,0.11731198
164,193057557,Pandinosaurus/style-based-gan-pytorch,0.0,0.6666667,5.6047527E-5,5.6047527E-5,0.11731198
165,199686208,patilswapnilv/server,0.0,0.6666667,5.6047527E-5,5.6047527E-5,0.11731198
166,202910980,IMULMUL/owasp-mstg,0.0,0.6666667,5.6047527E-5,5.6047527E-5,0.11731198
167,202911118,IMULMUL/haxe,0.0,0.6666667,5.6047527E-5,5.6047527E-5,0.11731198
168,137699446,iwata/buefy,0.0,0.6666667,5.6047527E-5,5.6047527E-5,0.11731198
169,171074890,Mattlk13/thc-hydra,0.0,0.6666667,5.6047527E-5,5.6047527E-5,0.11731198
170,131537462,Mattlk13/ContextSearch-web-ext,0.0,0.6666667,5.6047527E-5,5.6047527E-5,0.11731198
171,176390508,jc01rho/ogame,0.0,0.6666667,5.6047527E-5,5.6047527E-5,0.11731198
172,100795969,uniibu/roundcubemail,0.0,0.6666667,5.6047527E-5,5.6047527E-5,0.11731198
173,185162285,Pandinosaurus/remi,0.0,0.6666667,5.6047527E-5,5.6047527E-5,0.11731198
174,174538082,Nocturnals/awesome-flutter,0.0,0.6666667,5.6047527E-5,5.6047527E-5,0.11731198
175,191137609,Pandinosaurus/tensor2tensor,0.0,0.6666667,5.6047527E-5,5.6047527E-5,0.11731198
176,146457615,ArchiFleKs/website,0.0,0.6666667,5.6047527E-5,5.6047527E-5,0.11731198
177,158008210,sctnightcore/Avalonia,0.0,0.6666667,5.6047527E-5,5.6047527E-5,0.11731198
178,158782358,bobby0809/nodejs.org,0.0,0.6666667,5.6047527E-5,5.6047527E-5,0.11731198
179,152536161,zys-contribs/nodejs.org,0.0,0.6666667,5.6047527E-5,5.6047527E-5,0.11731198
180,198367268,dongbum/NOHHHHHH_PUBLIC,0.0,0.6666667,5.6047527E-5,5.6047527E-5,0.11731198
181,193326352,fakegit/awesome-python-applications,0.0,0.6666667,5.6047527E-5,5.6047527E-5,0.11731198
182,200931898,mvpvg/awesome-selfhosted,0.0,0.6666667,5.6047527E-5,5.6047527E-5,0.11731198
183,136498164,Pandinosaurus/mermaid,0.0,0.6666667,5.6047527E-5,5.6047527E-5,0.11731198
184,158947457,jerone/refined-github,0.0,0.6666667,5.6047527E-5,5.6047527E-5,0.11731198
185,161924730,Pandinosaurus/slambook-en,0.0,0.6666667,5.6047527E-5,5.6047527E-5,0.11731198
186,105548013,TiagoDanin-Forks/nodejs.org,0.0,0.6666667,5.6047527E-5,5.6047527E-5,0.11731198
187,90998049,buschtoens/ember.js,0.0,0.6666667,5.6047527E-5,5.6047527E-5,0.11731198
188,194512701,aananthraj/bitnami-docker-kubewatch,0.0,0.6666667,5.6047527E-5,5.6047527E-5,0.11731198
189,194184538,ungureanuvladvictor/cilium,0.0,0.6666667,5.6047527E-5,5.6047527E-5,0.11731198
190,156048328,sicsbd/Blogifier,0.0,0.6666667,5.6047527E-5,5.6047527E-5,0.11731198
191,205409399,fakegit/signature_algorithm,0.0,0.6666667,5.6047527E-5,5.6047527E-5,0.11731198
192,204419353,IMULMUL/Privilege-Escalation,0.0,0.6666667,5.6047527E-5,5.6047527E-5,0.11731198
193,169416258,security-geeks/blackbook,0.0,0.6666667,5.6047527E-5,5.6047527E-5,0.11731198
194,48695165,security-geeks/wpscan,0.0,0.6666667,5.6047527E-5,5.6047527E-5,0.11731198
195,195600636,devdbrandy/joi,0.0,0.6666667,5.6047527E-5,5.6047527E-5,0.11731198
196,197115394,ozyb/ios-chat,0.0,0.6666667,5.6047527E-5,5.6047527E-5,0.11731198
197,189425629,simon2077/boinc,0.0,0.6666667,5.6047527E-5,5.6047527E-5,0.11731198
198,151815195,SimenB/flow-typed,0.0,0.6666667,5.6047527E-5,5.6047527E-5,0.11731198
199,40224995,rvrsh3ll/theHarvester,0.0,0.6666667,5.6047527E-5,5.6047527E-5,0.11731198
200,85056281,xiaospider/test,0.6837607,0.0,0.0,0.0,0.11396012
201,205632083,github-tools-test/1567314657493-9218,0.6666667,0.0,0.0,0.0,0.11111111
202,205632084,github-tools-test/1567314658986-41509,0.6666667,0.0,0.0,0.0,0.11111111
203,205623381,github-tools-test/1567307742562-36382,0.6666667,0.0,0.0,0.0,0.11111111
204,11730342,vuejs/vue,0.6666667,0.0,0.0,0.0,0.11111111
205,205622973,github-tools-test/1567307413829-21232,0.6666667,0.0,0.0,0.0,0.11111111
206,204997203,ditman/engine,0.0,0.61538464,2.2419011E-4,2.2419011E-4,0.10884904
207,204360613,SudharakaP/generator-jhipster,0.0,0.5714286,2.2419011E-4,4.4838022E-4,0.1077706
208,202895013,IMULMUL/CheatSheetSeries,0.0,0.6,1.6814258E-4,1.6814258E-4,0.10625691
209,149344751,ProductHuntSO/hadoop,0.0,0.6,1.6814258E-4,1.6814258E-4,0.10625691
210,187305746,mitchm69/formulae.brew.sh,0.0,0.6,1.6814258E-4,1.6814258E-4,0.10625691
211,150358050,sctnightcore/godot,0.0,0.6,1.6814258E-4,1.6814258E-4,0.10625691
212,199469818,nicolaszf/jellyfin,0.0,0.6,1.6814258E-4,1.6814258E-4,0.10625691
213,40283061,hoojaoh/shotcut,0.0,0.6,1.6814258E-4,1.6814258E-4,0.10625691
214,48695183,security-geeks/nmap,0.0,0.6,1.6814258E-4,1.6814258E-4,0.10625691
215,179514372,Thomas-Hirsch/staged-recipes,0.0,0.58823526,2.8023764E-4,2.8023764E-4,0.104352176
216,186797927,QingWei-Li/RSSHub,0.0,0.5714286,2.2419011E-4,2.2419011E-4,0.101523034
217,173732941,HLTech/charts,0.0,0.5714286,1.12095055E-4,1.12095055E-4,0.10146699
218,200967710,seyrenhe/RSSHub,0.0,0.5714286,1.12095055E-4,1.12095055E-4,0.10146699
219,198151866,aoaim/RSSHub,0.0,0.5714286,1.12095055E-4,1.12095055E-4,0.10146699
220,189472391,fakegit/RSSHub,0.0,0.5714286,1.12095055E-4,1.12095055E-4,0.10146699
221,173906373,SimenB/storybook,0.0,0.5714286,1.12095055E-4,1.12095055E-4,0.10146699
222,131008463,ArchiFleKs/charts,0.0,0.5714286,1.12095055E-4,1.12095055E-4,0.10146699
223,160470390,moonfruit/homebrew-cask,0.0,0.5714286,1.12095055E-4,1.12095055E-4,0.10146699
224,96183067,stackriot/wix-style-react,0.0,0.5714286,1.12095055E-4,1.12095055E-4,0.10146699
225,98972024,3Golds/netdata,0.0,0.5714286,1.12095055E-4,1.12095055E-4,0.10146699
226,185307612,zytomorrow/RSSHub,0.0,0.5714286,1.12095055E-4,1.12095055E-4,0.10146699
227,175840509,brilon/RSSHub,0.0,0.5714286,1.12095055E-4,1.12095055E-4,0.10146699
228,182042325,ARXChrono/storybook,0.0,0.5714286,1.12095055E-4,1.12095055E-4,0.10146699
229,170860719,MediaIQ/material-ui,0.0,0.5714286,1.12095055E-4,1.12095055E-4,0.10146699
230,163999328,kmpaul/staged-recipes,0.0,0.5555556,2.8023764E-4,2.8023764E-4,0.09890556
231,186409290,steventam312/repo-info,0.0,0.5555556,2.8023764E-4,2.8023764E-4,0.09890556
232,137214193,rvrsh3ll/nmap,0.0,0.54545456,1.6814258E-4,1.6814258E-4,0.097166
233,184318764,FONZACUS/Cataclysm-DDA,0.0,0.54545456,1.6814258E-4,1.6814258E-4,0.097166
234,89447583,Mattlk13/libpcap,0.0,0.54545456,1.6814258E-4,1.6814258E-4,0.097166
235,198417545,Pandinosaurus/godot,0.0,0.5,1.6814258E-4,1.6814258E-4,0.089590244
236,81331941,Mattlk13/github,0.0,0.5,1.12095055E-4,1.12095055E-4,0.08956223
237,187570796,iplusx/RSSHub,0.0,0.5,1.12095055E-4,1.12095055E-4,0.08956223
238,185421022,Derke-Nguyen/Wizard_Duel,0.0,0.5,1.12095055E-4,1.12095055E-4,0.08956223
239,191321744,tiarebalbi/dotty,0.0,0.5,1.12095055E-4,1.12095055E-4,0.08956223
240,149424607,saksdirect/charts,0.0,0.5,1.12095055E-4,1.12095055E-4,0.08956223
241,196175127,nicolaszf/RSSHub,0.0,0.5,1.12095055E-4,1.12095055E-4,0.08956223
242,189168153,DomainGroupOSS/helm-charts,0.0,0.5,1.12095055E-4,1.12095055E-4,0.08956223
243,91401423,dvarner/ascendphp,0.0,0.5,1.12095055E-4,1.12095055E-4,0.08956223
244,174410636,pvinis/homebrew-cask,0.0,0.5,1.12095055E-4,1.12095055E-4,0.08956223
245,83463359,Mattlk13/redash,0.0,0.5,5.6047527E-5,5.6047527E-5,0.08953419
246,179009998,indux/elasticsearch,0.0,0.5,5.6047527E-5,5.6047527E-5,0.08953419
247,39229539,atxwebs/swagger-ui,0.0,0.5,5.6047527E-5,5.6047527E-5,0.08953419
248,196494858,osmaelo/pytorch,0.0,0.5,5.6047527E-5,5.6047527E-5,0.08953419
249,192561171,fakegit/httpie,0.0,0.5,5.6047527E-5,5.6047527E-5,0.08953419
250,193374108,r0xsh/libra,0.0,0.5,5.6047527E-5,5.6047527E-5,0.08953419
251,147318334,Mattlk13/httpie,0.0,0.5,5.6047527E-5,5.6047527E-5,0.08953419
252,152767048,fabriziofortino/charts,0.0,0.5,5.6047527E-5,5.6047527E-5,0.08953419
253,175103317,cherreco/airflow,0.0,0.5,5.6047527E-5,5.6047527E-5,0.08953419
254,147882155,Mattlk13/awesome-selfhosted,0.0,0.5,5.6047527E-5,5.6047527E-5,0.08953419
255,166732755,whtsky/Sonarr,0.0,0.5,5.6047527E-5,5.6047527E-5,0.08953419
256,196232351,joe9111/elasticsearch,0.0,0.5,5.6047527E-5,5.6047527E-5,0.08953419
257,145982467,dareagle/awesome-scalability,0.0,0.5,5.6047527E-5,5.6047527E-5,0.08953419
258,183883537,fakegit/Python-1,0.0,0.5,5.6047527E-5,5.6047527E-5,0.08953419
259,126707743,Pandinosaurus/docs.scala-lang,0.0,0.5,5.6047527E-5,5.6047527E-5,0.08953419
260,198671782,shenxianpeng/wechat,0.0,0.5,5.6047527E-5,5.6047527E-5,0.08953419
261,189488589,SammyEnigma/desktop,0.0,0.5,5.6047527E-5,5.6047527E-5,0.08953419
262,199689763,bongani-m/staart,0.0,0.5,5.6047527E-5,5.6047527E-5,0.08953419
263,195052256,Potapy4/kubernetes-website,0.0,0.5,5.6047527E-5,5.6047527E-5,0.08953419
264,190280821,KabirKwatra/pytorch,0.0,0.5,5.6047527E-5,5.6047527E-5,0.08953419
265,81619088,mage-docker/mage,0.0,0.5,5.6047527E-5,5.6047527E-5,0.08953419
266,151957212,zys-contribs/umi,0.0,0.5,5.6047527E-5,5.6047527E-5,0.08953419
267,81986345,Mattlk13/scala.github.com,0.0,0.5,5.6047527E-5,5.6047527E-5,0.08953419
268,127526612,impactbyte-learn/javascript-tutorial-en,0.0,0.5,5.6047527E-5,5.6047527E-5,0.08953419
269,147878581,Mattlk13/data.table,0.0,0.5,5.6047527E-5,5.6047527E-5,0.08953419
270,190274837,rolfberkenbosch/home-assistant,0.0,0.5,5.6047527E-5,5.6047527E-5,0.08953419
271,121246835,Pandinosaurus/xgboost,0.0,0.5,5.6047527E-5,5.6047527E-5,0.08953419
272,136620620,Mattelec/qmk_firmware,0.0,0.5,5.6047527E-5,5.6047527E-5,0.08953419
273,184218322,rolfberkenbosch/home-assistant.io,0.0,0.5,5.6047527E-5,5.6047527E-5,0.08953419
274,41481824,sadlil/elasticsearch,0.0,0.5,5.6047527E-5,5.6047527E-5,0.08953419
275,184860773,Pandinosaurus/Python-1,0.0,0.5,5.6047527E-5,5.6047527E-5,0.08953419
276,87024957,Mattlk13/android-gif-drawable,0.0,0.5,5.6047527E-5,5.6047527E-5,0.08953419
277,188755967,simon2077/WebSiteUseful,0.0,0.5,5.6047527E-5,5.6047527E-5,0.08953419
278,142839711,hemingyuan/The-Golang-Standard-Library-by-Example,0.0,0.5,5.6047527E-5,5.6047527E-5,0.08953419
279,103512295,stackriot/react_on_rails,0.0,0.5,5.6047527E-5,5.6047527E-5,0.08953419
280,203296528,osmaelo/awesome-scalability,0.0,0.5,5.6047527E-5,5.6047527E-5,0.08953419
281,22897688,digitalsatori/p5.js,0.0,0.5,5.6047527E-5,5.6047527E-5,0.08953419
282,170772282,datusername1/datusername1.github.io,0.0,0.5,5.6047527E-5,5.6047527E-5,0.08953419
283,105678170,fakegit/transfer.sh,0.0,0.5,5.6047527E-5,5.6047527E-5,0.08953419
284,179512424,fabriziofortino/elasticsearch,0.0,0.5,5.6047527E-5,5.6047527E-5,0.08953419
285,192238619,bobby0809/Magisk,0.0,0.5,5.6047527E-5,5.6047527E-5,0.08953419
286,158894695,kofj/website,0.0,0.5,5.6047527E-5,5.6047527E-5,0.08953419
287,175948693,Potapy4/dotnet-coreclr,0.0,0.5,5.6047527E-5,5.6047527E-5,0.08953419
288,186080271,sanbeicha/PythonAlgorithms,0.0,0.5,5.6047527E-5,5.6047527E-5,0.08953419
289,135765168,wei/probot.github.io,0.0,0.5,5.6047527E-5,5.6047527E-5,0.08953419
290,107492543,zz-jason/tidb,0.0,0.5,5.6047527E-5,5.6047527E-5,0.08953419
291,61394820,droideveloper/XmlRpcAndroid,0.0,0.5,5.6047527E-5,5.6047527E-5,0.08953419
292,173929782,winkelsdorf/openssl,0.0,0.5,5.6047527E-5,5.6047527E-5,0.08953419
293,176654370,RogueScholar/Hardcode-Tray,0.0,0.4878049,5.604753E-4,5.604753E-4,0.08775389
294,199837573,scope-demo/Autofac,0.0,0.4878049,5.604753E-4,5.604753E-4,0.08775389
295,172690267,VukAnd/uAssets,0.0,0.47058824,2.2419011E-4,2.2419011E-4,0.08471631
296,199837477,scope-demo/jaeger-client-csharp,0.0,0.46511626,5.604753E-4,5.604753E-4,0.083972454
297,21793531,kaltura/nginx-vod-module,0.0,0.5,0.0,0.0,0.083333336
298,181837338,innerspacepilot/aports,0.0,0.46153843,1.6814258E-4,1.6814258E-4,0.08317998
299,92357821,dvarner/ascendphp-core,0.0,0.44444445,2.2419011E-4,2.2419011E-4,0.08035901
300,173786493,whtsky/RSSHub,0.0,0.44444445,1.12095055E-4,1.12095055E-4,0.08030296
301,183558838,LogicJake/RSSHub,0.0,0.44444445,1.12095055E-4,1.12095055E-4,0.08030296
302,192862368,fakegit/FeelUOwn,0.0,0.44444445,1.12095055E-4,1.12095055E-4,0.08030296
303,112319829,kaltura/kms-automation,0.0,0.4,8.407129E-5,1.6814258E-4,0.07908241
304,27916574,vcsbroker/test-dev,0.0,0.42857143,8.407129E-4,8.407129E-4,0.07802177
305,204376170,rumpus/cpp,0.0,0.42857143,1.6814258E-4,1.6814258E-4,0.07768548
306,195947440,scope-demo/mockito,0.0,0.4,5.604753E-4,5.604753E-4,0.07311974
307,205047500,python-desert/desert,0.0,0.4,4.4838022E-4,4.4838022E-4,0.073063694
308,26161892,jeedom/core,0.0,0.4,3.923327E-4,3.923327E-4,0.07303568
309,189772033,jack1142/Trusty-cogs,0.0,0.4,3.3628516E-4,3.3628516E-4,0.07300765
310,180263021,tammytdo/data-structures-and-algorithms,0.0,0.4,2.8023764E-4,2.8023764E-4,0.07297962
311,205511219,spydyman/php-practice,0.0,0.4,2.8023764E-4,2.8023764E-4,0.07297962
312,184924420,derickboss1/homepage-ext,0.0,0.4,2.2419011E-4,2.2419011E-4,0.07295161
313,205156996,JEALG/JEEDOM-Multi_info-Binaire,0.0,0.4,2.2419011E-4,2.2419011E-4,0.07295161
314,205642932,ali-bulut/mvc-ecommerce-app,0.0,0.4,2.2419011E-4,2.2419011E-4,0.07295161
315,204779122,Tanner016/HTML-and-CSS-Practice,0.0,0.4,2.2419011E-4,2.2419011E-4,0.07295161
316,134636049,marier-nico/dotfiles,0.0,0.4,2.2419011E-4,2.2419011E-4,0.07295161
317,205633706,goodGid/SpringStudy,0.0,0.4,1.6814258E-4,1.6814258E-4,0.07292358
318,34044879,jeedom/plugin-sonos,0.0,0.4,1.6814258E-4,1.6814258E-4,0.07292358
319,195664487,Tittoffer/NorwegianTaskForce,0.0,0.4,1.6814258E-4,1.6814258E-4,0.07292358
320,205443311,donrestarone/rail-room,0.0,0.4,1.6814258E-4,1.6814258E-4,0.07292358
321,184388171,innerspacepilot/void-packages,0.0,0.4,1.6814258E-4,1.6814258E-4,0.07292358
322,170198344,BillyBunn/data-structures-and-algorithms,0.0,0.4,1.6814258E-4,1.6814258E-4,0.07292358
323,95294105,vdloo/simulacra,0.0,0.4,1.6814258E-4,1.6814258E-4,0.07292358
324,204329901,SOLV-Code/GreyFish,0.0,0.4,1.12095055E-4,1.12095055E-4,0.07289555
325,125702892,Pandinosaurus/go,0.0,0.4,1.12095055E-4,1.12095055E-4,0.07289555
326,205134441,MariusLastauskas/pixelart,0.0,0.4,1.12095055E-4,1.12095055E-4,0.07289555
327,203128223,maierfelix/tiny-rtx,0.0,0.4,1.12095055E-4,1.12095055E-4,0.07289555
328,174427431,JeffDeCola/hello-go-deploy-marathon,0.0,0.4,1.12095055E-4,1.12095055E-4,0.07289555
329,204289318,jasonkang14/mediasoup-client,0.0,0.4,1.12095055E-4,1.12095055E-4,0.07289555
330,173286575,animadio/animadio.org,0.0,0.4,1.12095055E-4,1.12095055E-4,0.07289555
331,190256342,IGNW/sonic-mgmt,0.0,0.4,1.12095055E-4,1.12095055E-4,0.07289555
332,153751682,moonfruit/homebrew-core,0.0,0.4,1.12095055E-4,1.12095055E-4,0.07289555
333,196285734,Sage-Bionetworks/phccp-aws-infra,0.0,0.4,1.12095055E-4,1.12095055E-4,0.07289555
334,53581270,Laravel-Backpack/CRUD,0.0,0.4,1.12095055E-4,1.12095055E-4,0.07289555
335,166975093,psmsmets/hozt,0.0,0.4,1.12095055E-4,1.12095055E-4,0.07289555
336,126708266,Pandinosaurus/hadoop,0.0,0.4,1.12095055E-4,1.12095055E-4,0.07289555
337,191857944,stmrocket/Home-Assistant-Config,0.0,0.4,1.12095055E-4,1.12095055E-4,0.07289555
338,204816910,daltonchen/Some_UNI_Program_UI,0.0,0.4,1.12095055E-4,1.12095055E-4,0.07289555
339,151175902,testkevinbonz/hadoop,0.0,0.4,1.12095055E-4,1.12095055E-4,0.07289555
340,199836530,ShoheiKamiya/scheduler,0.0,0.4,1.12095055E-4,1.12095055E-4,0.07289555
341,203276355,benefitallhumankind/Colla_project,0.0,0.4,1.12095055E-4,1.12095055E-4,0.07289555
342,202601141,paul-tong/umbrella-mate,0.0,0.4,1.12095055E-4,1.12095055E-4,0.07289555
343,56310704,jumpserver/docs,0.0,0.4,1.12095055E-4,1.12095055E-4,0.07289555
344,185123446,negativetwelve/increment,0.0,0.4,1.12095055E-4,1.12095055E-4,0.07289555
345,203382703,symfu/TrinityCore,0.0,0.4,1.12095055E-4,1.12095055E-4,0.07289555
346,204326588,phantomspecial/healthcare-24_prototype,0.0,0.4,1.12095055E-4,1.12095055E-4,0.07289555
347,190422586,Gawise/ft_ls,3.3235567E-6,0.4,1.12095055E-4,1.868251E-5,0.07288054
348,135434888,mP1/walkingkooka,8.666112E-6,0.4,5.6047527E-5,5.6047527E-5,0.07286898
349,171188933,pdibenedetto/spring-boot,0.0,0.4,5.6047527E-5,5.6047527E-5,0.072867535
350,156751259,TiagoDanin-Forks/probot.github.io,0.0,0.4,5.6047527E-5,5.6047527E-5,0.072867535
351,77018476,01alchemist/three.js,0.0,0.4,5.6047527E-5,5.6047527E-5,0.072867535
352,204808572,billslattery/super-duper-potato,0.0,0.4,5.6047527E-5,5.6047527E-5,0.072867535
353,144558101,Mattlk13/chocolatey-coreteampackages,0.0,0.4,5.6047527E-5,5.6047527E-5,0.072867535
354,164382198,mannkind/unifi2mqtt,0.0,0.4,5.6047527E-5,5.6047527E-5,0.072867535
355,148096946,mP1/walkingkooka-spreadsheet,0.0,0.4,5.6047527E-5,5.6047527E-5,0.072867535
356,180139686,senbonmatsutaku/csharp-leaning-project,0.0,0.4,5.6047527E-5,5.6047527E-5,0.072867535
357,162410687,3Golds/apollo,0.0,0.4,5.6047527E-5,5.6047527E-5,0.072867535
358,140146587,sushi2k/owasp-mstg,0.0,0.4,5.6047527E-5,5.6047527E-5,0.072867535
359,79847532,scher200/elasticsearch,0.0,0.4,5.6047527E-5,5.6047527E-5,0.072867535
360,192950478,LuigiLegion/fullstackcommunity,0.0,0.4,5.6047527E-5,5.6047527E-5,0.072867535
361,202114773,MidiasAndromeda/ffxivtk-server,0.0,0.4,5.6047527E-5,5.6047527E-5,0.072867535
362,125673033,Pandinosaurus/three.js,0.0,0.4,5.6047527E-5,5.6047527E-5,0.072867535
363,123399326,shakir-abdo/three.js,0.0,0.4,5.6047527E-5,5.6047527E-5,0.072867535
364,59404901,tgermain/qmk_firmware,0.0,0.4,5.6047527E-5,5.6047527E-5,0.072867535
365,204459601,AlexandreFlamant/ONETWOSIX,0.0,0.4,5.6047527E-5,5.6047527E-5,0.072867535
366,169152041,piotrzdziarski/fslightbox-react,0.0,0.4,5.6047527E-5,5.6047527E-5,0.072867535
367,144483008,valerianpereira/hi5solutions,0.0,0.4,5.6047527E-5,5.6047527E-5,0.072867535
368,205453944,michaelodonnell321/movie-sagas,0.0,0.4,5.6047527E-5,5.6047527E-5,0.072867535
369,156094365,KernelPanicAUS/homebrew-core,0.0,0.375,1.6814258E-4,1.6814258E-4,0.06875691
370,73081954,ArchiFleKs/homebrew-core,0.0,0.375,1.6814258E-4,1.6814258E-4,0.06875691
371,118474994,tcely/aports,0.0,0.375,1.6814258E-4,1.6814258E-4,0.06875691
372,4542716,NixOS/nixpkgs,3.3061994E-8,6.7743696E-7,1.8342827E-4,2.4546362E-6,0.06826862
373,184234940,Ericsson/llvm-project,0.0,0.37037036,2.8023764E-4,2.8023764E-4,0.06804135
374,203049245,NemanjaNezic23/FondacijaRuzicaSokic,0.0,0.33333334,1.4011882E-4,2.8023764E-4,0.068018004
375,201439927,tentasys/MyShinhanRoad,0.0,0.33333334,8.407129E-5,1.6814258E-4,0.0679713
376,109894810,rsocket/rsocket-kotlin,2.1871197E-7,0.36363637,4.4838022E-4,1.2810864E-5,0.06693053
377,109157360,PeoplesMomentum/mxv,0.0,0.36363637,2.2419011E-4,2.2419011E-4,0.066891
378,204791191,WildKnitter/HipToBeSquare,0.0,0.36363637,2.2419011E-4,2.2419011E-4,0.066891
379,202071732,lkjhnm/teamInsam,0.0,0.36363637,1.6814258E-4,1.6814258E-4,0.06686297
380,202105766,MidiasAndromeda/ffxivtk-client,0.0,0.36363637,1.6814258E-4,1.6814258E-4,0.06686297
381,201556580,rbrsmith/weddingSite,0.0,0.36363637,1.6814258E-4,1.6814258E-4,0.06686297
382,205640061,LuisaGavilan/azu-lapp-module,0.0,0.36363637,1.6814258E-4,1.6814258E-4,0.06686297
383,189030779,World0fWarcraft/TrinityCore,0.0,0.36363637,1.12095055E-4,1.12095055E-4,0.06683495
384,197253496,zarsbars/AntBot-Arduino,0.0,0.36363637,1.12095055E-4,1.12095055E-4,0.06683495
385,199811988,nurion4hep/HEP-CNN,0.0,0.36363637,1.12095055E-4,1.12095055E-4,0.06683495
386,175852782,yyolk/homebrew-core,0.0,0.36363637,1.12095055E-4,1.12095055E-4,0.06683495
387,110990277,harshes53/react-starter-kit,0.0,0.36363637,1.12095055E-4,1.12095055E-4,0.06683495
388,205091398,DongHoLIm/SkyProject,0.0,0.36363637,1.12095055E-4,1.12095055E-4,0.06683495
389,198223666,kmaeda2048/feeedreader,2.708717E-6,0.36363637,1.12095055E-4,2.2419012E-5,0.06682045
390,151252775,Inglonias/Cataclysm-DDA,0.0,0.3529412,1.6814258E-4,1.6814258E-4,0.06508044
391,202037314,jacebenson/gatsby,0.0,0.3529412,1.6814258E-4,1.6814258E-4,0.06508044
392,127148661,steventam312/swift,0.0,0.3529412,1.6814258E-4,1.6814258E-4,0.06508044
393,204623655,avexbesuke/product,0.0,0.34482756,6.165228E-4,6.165228E-4,0.063952364
394,98467418,google-test/signcla-probe-repo,0.0,0.3821656,0.0,0.0,0.06369427
395,201807644,hschaen/better-friend,0.0,0.33333334,0.0012890932,0.0012890932,0.06237294
396,199104458,botoberich/boto-web,0.0,0.33333334,6.165228E-4,6.165228E-4,0.06203666
397,202487132,fggo/Parking,0.0,0.33333334,5.604753E-4,5.604753E-4,0.06200863
398,205615975,K-Sato1995/blog_api,0.0,0.33333334,5.604753E-4,5.604753E-4,0.06200863
399,36661006,ysh329/ysh329.github.io,0.0,0.33333334,5.604753E-4,5.604753E-4,0.06200863
400,205617376,chentingjun/vue-cli-plugin-svg,0.0,0.33333334,5.0442776E-4,5.0442776E-4,0.06198061
401,122772578,dglinder/ISOwithKS,0.0,0.33333334,4.4838022E-4,4.4838022E-4,0.061952587
402,192407200,smartcitiesdata/smartcitiesdata,0.0,0.33333334,3.3628516E-4,3.3628516E-4,0.061896544
403,204647779,sibeliusy/projectbeat,0.0,0.33333334,3.3628516E-4,3.3628516E-4,0.061896544
404,204807413,PsvitaNeedsCat/Prototype4,0.0,0.22222222,9.8083176E-5,3.923327E-4,0.06187552
405,205157898,JEALG/JEEDOM-Multi_action-Defaut--mobile,0.0,0.33333334,2.8023764E-4,2.8023764E-4,0.061868515
406,205637622,DokySp/GC162NT-Project-GARAM,0.0,0.33333334,2.8023764E-4,2.8023764E-4,0.061868515
407,198019103,takuyaFujimoto/URD,0.0,0.33333334,2.8023764E-4,2.8023764E-4,0.061868515
408,62101543,ShengguangXiao/VisionLibrary,0.0,0.33333334,2.8023764E-4,2.8023764E-4,0.061868515
409,201817669,amagin006/react-portfolio,0.0,0.33333334,2.8023764E-4,2.8023764E-4,0.061868515
410,151836031,edwardtanoto/edwardtanoto.github.io,0.0,0.33333334,2.2419011E-4,2.2419011E-4,0.061840493
411,166028840,rsyncOSX/RsyncGUI,0.0,0.33333334,2.2419011E-4,2.2419011E-4,0.061840493
412,205245934,Mattamorphic/curlify,0.0,0.33333334,2.2419011E-4,2.2419011E-4,0.061840493
413,197703658,Yuki-Inagawa/sunshine,0.0,0.33333334,2.2419011E-4,2.2419011E-4,0.061840493
414,205609290,gsquaredxc/Project-Nexus,0.0,0.33333334,2.2419011E-4,2.2419011E-4,0.061840493
415,109713545,rsyncOSX/rcloneosx,0.0,0.33333334,2.2419011E-4,2.2419011E-4,0.061840493
416,205618916,carolvasc/bgreen-frontend,0.0,0.33333334,2.2419011E-4,2.2419011E-4,0.061840493
417,203856039,takapro/hoshile-react,0.0,0.33333334,2.2419011E-4,2.2419011E-4,0.061840493
418,204121971,moji-lab/MOjI-lab-Android,0.0,0.33333334,2.2419011E-4,2.2419011E-4,0.061840493
419,24944625,isaacmailach/Portfolio,0.0,0.33333334,1.6814258E-4,1.6814258E-4,0.06181247
420,178617328,animadio/doc.animadio.org,0.0,0.33333334,1.6814258E-4,1.6814258E-4,0.06181247
421,165465913,dsteoh/expensify-app,0.0,0.33333334,1.6814258E-4,1.6814258E-4,0.06181247
422,202599927,yoonje/soongsil-notice-crawler,0.0,0.33333334,1.6814258E-4,1.6814258E-4,0.06181247
423,148583304,aberlanas/DAW_DIW,0.0,0.33333334,1.6814258E-4,1.6814258E-4,0.06181247
424,205306175,nhatnkv/remitano-test,0.0,0.33333334,1.6814258E-4,1.6814258E-4,0.06181247
425,204277420,gracelove91/zalbazo,0.0,0.33333334,1.6814258E-4,1.6814258E-4,0.06181247
426,205042998,joaolfp/GuessWhat,0.0,0.33333334,1.6814258E-4,1.6814258E-4,0.06181247
427,205158063,JEALG/JEEDOM-Multi_action-Defaut,0.0,0.33333334,1.6814258E-4,1.6814258E-4,0.06181247
428,176633214,ede0m/GustoGame,0.0,0.33333334,1.6814258E-4,1.6814258E-4,0.06181247
429,205642577,Dezainer/vaidebike-landing,0.0,0.33333334,1.6814258E-4,1.6814258E-4,0.06181247
430,188579980,giorgioelrey/testing-with-junior,0.0,0.33333334,1.6814258E-4,1.6814258E-4,0.06181247
431,204265099,eliasnijim/FullStack,0.0,0.33333334,1.6814258E-4,1.6814258E-4,0.06181247
432,168996765,keithj0nes/hockeydb,0.0,0.33333334,1.6814258E-4,1.6814258E-4,0.06181247
433,203303276,dyangua/react-streams,0.0,0.33333334,1.6814258E-4,1.6814258E-4,0.06181247
434,163424130,BobLChen/VulkanDemos,0.0,0.33333334,1.6814258E-4,1.6814258E-4,0.06181247
435,205644908,timsmaluk/JRE-Analysis,0.0,0.33333334,1.6814258E-4,1.6814258E-4,0.06181247
436,189773978,ssalcedo00/mysubs.live,0.0,0.33333334,1.6814258E-4,1.6814258E-4,0.06181247
437,205619149,jerome-spin/todoist,0.0,0.33333334,1.6814258E-4,1.6814258E-4,0.06181247
438,196606193,kmno4hno3/EC,1.0937317E-6,0.33333334,2.2419011E-4,3.202716E-5,0.06180865
439,201073679,havveFn/atcoder-charts,3.7248444E-7,0.33333334,2.2419011E-4,1.1209506E-5,0.06180506
440,202789459,cerounolabs/carsa_carsito_admin,0.0,0.33333334,1.12095055E-4,1.12095055E-4,0.061784443
441,203555301,datnq/experiment-next,0.0,0.33333334,1.12095055E-4,1.12095055E-4,0.061784443
442,204966517,tpsnugget/todomvcJquery,0.0,0.33333334,1.12095055E-4,1.12095055E-4,0.061784443
443,184200206,philippebeck/portfolio,0.0,0.33333334,1.12095055E-4,1.12095055E-4,0.061784443
444,126647111,cloud-ark/kubeplus,0.0,0.33333334,1.12095055E-4,1.12095055E-4,0.061784443
445,205441254,jedKulbacki/SST,0.0,0.33333334,1.12095055E-4,1.12095055E-4,0.061784443
446,204814134,StefTheDev/Prototype4,0.0,0.33333334,1.12095055E-4,1.12095055E-4,0.061784443
447,203307942,rsoto003/evernote-clone,0.0,0.33333334,1.12095055E-4,1.12095055E-4,0.061784443
448,60761734,OthloTech/OthloHackathon,0.0,0.33333334,1.12095055E-4,1.12095055E-4,0.061784443
449,204337010,thenostromo/CountryChatVuejs,0.0,0.33333334,1.12095055E-4,1.12095055E-4,0.061784443
450,95068976,amio/homebrew-core,0.0,0.33333334,1.12095055E-4,1.12095055E-4,0.061784443
451,204093165,RyoheiTojo/kotlin_scorehub,0.0,0.33333334,1.12095055E-4,1.12095055E-4,0.061784443
452,157460879,dead-bucket/back-end,0.0,0.33333334,1.12095055E-4,1.12095055E-4,0.061784443
453,163723970,a2kaido/android-barcode-reader,0.0,0.33333334,1.12095055E-4,1.12095055E-4,0.061784443
454,205620615,Holayn/pathdocs,0.0,0.33333334,1.12095055E-4,1.12095055E-4,0.061784443
455,115049172,csleary/nemp3,0.0,0.33333334,1.12095055E-4,1.12095055E-4,0.061784443
456,200021506,2k1p/grproject,0.0,0.33333334,1.12095055E-4,1.12095055E-4,0.061784443
457,200035910,modern0920/grproject,0.0,0.33333334,1.12095055E-4,1.12095055E-4,0.061784443
458,186117170,askpt/homebrew-core,0.0,0.33333334,1.12095055E-4,1.12095055E-4,0.061784443
459,178848557,amnona/dbbact-server,0.0,0.33333334,1.12095055E-4,1.12095055E-4,0.061784443
460,187135283,duncanyoyo1/qmk_firmware,0.0,0.33333334,1.12095055E-4,1.12095055E-4,0.061784443
461,109485457,Marcode777/jsfundies1,0.0,0.33333334,1.12095055E-4,1.12095055E-4,0.061784443
462,205309183,sseits-skku/itsweb,0.0,0.33333334,1.12095055E-4,1.12095055E-4,0.061784443
463,180054180,kooinsung/Racoon,0.0,0.33333334,1.12095055E-4,1.12095055E-4,0.061784443
464,155903356,job-hax/backend,0.0,0.33333334,1.12095055E-4,1.12095055E-4,0.061784443
465,201762079,dareagle/go,0.0,0.33333334,1.12095055E-4,1.12095055E-4,0.061784443
466,112020700,Devonmusa/demos-parent,0.0,0.33333334,1.12095055E-4,1.12095055E-4,0.061784443
467,169244025,CMatrixLibrary/matrixLibrary,0.0,0.33333334,1.12095055E-4,1.12095055E-4,0.061784443
468,202209924,daave90/Webdiet-REST,0.0,0.33333334,1.12095055E-4,1.12095055E-4,0.061784443
469,172939905,animadio/animadio,0.0,0.33333334,1.12095055E-4,1.12095055E-4,0.061784443
470,205625878,nowiseeyou/Linux,0.0,0.33333334,1.12095055E-4,1.12095055E-4,0.061784443
471,202162084,ajmeese7/SimpleNotification,0.0,0.33333334,1.12095055E-4,1.12095055E-4,0.061784443
472,204267134,SergeyAF/Project_Store,0.0,0.33333334,1.12095055E-4,1.12095055E-4,0.061784443
473,166999997,yaoleo/NS-CQA,0.0,0.33333334,1.12095055E-4,1.12095055E-4,0.061784443
474,204542200,YUDAI-HIZU/Reservation,0.0,0.33333334,1.12095055E-4,1.12095055E-4,0.061784443
475,95315766,henryotoole/the_root,0.0,0.33333334,1.12095055E-4,1.12095055E-4,0.061784443
476,203664305,kynefuk/book-review,1.99402E-6,0.33333334,1.12095055E-4,1.601358E-5,0.06176876
477,101189642,jaebradley/notes,0.0,0.33333334,5.6047527E-5,5.6047527E-5,0.06175642
478,195104208,richardmcconnell12/richardmcconnell12.github.io,0.0,0.33333334,5.6047527E-5,5.6047527E-5,0.06175642
479,192153680,mP1/walkingkooka-tree-patch,0.0,0.33333334,5.6047527E-5,5.6047527E-5,0.06175642
480,203330195,mLupine/home-assistant,0.0,0.33333334,5.6047527E-5,5.6047527E-5,0.06175642
481,192902850,HarrievG/coreclr,0.0,0.33333334,5.6047527E-5,5.6047527E-5,0.06175642
482,203251142,sinsys/portfolio,0.0,0.33333334,5.6047527E-5,5.6047527E-5,0.06175642
483,203422574,margarethannum/gnomeR,0.0,0.33333334,5.6047527E-5,5.6047527E-5,0.06175642
484,184287473,niulinlnc/Odoo-DingTalk,0.0,0.33333334,5.6047527E-5,5.6047527E-5,0.06175642
485,177440605,muhammedfurkan/UniBorg,0.0,0.33333334,5.6047527E-5,5.6047527E-5,0.06175642
486,193735291,MWeberLambdaweb19/Cheat_Sheets_R_Us,0.0,0.33333334,5.6047527E-5,5.6047527E-5,0.06175642
487,205608434,rarceneaux/Sorting-Hat-e10,0.0,0.33333334,5.6047527E-5,5.6047527E-5,0.06175642
488,197984372,vincenty2022/ProductivityApp,0.0,0.33333334,5.6047527E-5,5.6047527E-5,0.06175642
489,205607888,K-i-Q/InterfaceNubank,0.0,0.33333334,5.6047527E-5,5.6047527E-5,0.06175642
490,135141443,nanten2/NASCORX_XFFTS,0.0,0.33333334,5.6047527E-5,5.6047527E-5,0.06175642
491,205627062,josiahdc/dungeon-master-screen,0.0,0.33333334,5.6047527E-5,5.6047527E-5,0.06175642
492,205626780,Mokagbue/thewall,0.0,0.33333334,5.6047527E-5,5.6047527E-5,0.06175642
493,163486459,Freemd-it/Recruiting,0.0,0.33333334,5.6047527E-5,5.6047527E-5,0.06175642
494,192910960,kiyo6318/Movies_Q-A,0.0,0.33333334,5.6047527E-5,5.6047527E-5,0.06175642
495,193449128,fakegit/calibre,0.0,0.33333334,5.6047527E-5,5.6047527E-5,0.06175642
496,190315956,flyingace/flowers,0.0,0.33333334,5.6047527E-5,5.6047527E-5,0.06175642
497,154182619,Tiafeno/itjob-backoffice,0.0,0.33333334,5.6047527E-5,5.6047527E-5,0.06175642
498,204469381,SamiChenbout/Loup-Garou,0.0,0.33333334,5.6047527E-5,5.6047527E-5,0.06175642
499,204278801,tcrab-6y/todo_application,0.0,0.33333334,5.6047527E-5,5.6047527E-5,0.06175642
500,201070531,supertai22298/HotelBooking,0.0,0.33333334,5.6047527E-5,5.6047527E-5,0.06175642
501,186926913,ghost-of-fantasy/monitor,0.0,0.33333334,5.6047527E-5,5.6047527E-5,0.06175642
502,205596160,SylvanM/BigNumber,0.0,0.33333334,5.6047527E-5,5.6047527E-5,0.06175642
503,189738690,AhmedXL/rhinobot_heroku,0.0,0.33333334,5.6047527E-5,5.6047527E-5,0.06175642
504,48954510,bgruening/bioconda-recipes,0.0,0.33333334,5.6047527E-5,5.6047527E-5,0.06175642
505,161297779,mollie/mollie-plentymarkets-ceres,0.0,0.33333334,5.6047527E-5,5.6047527E-5,0.06175642
506,139385156,kofj/harbor,0.0,0.33333334,5.6047527E-5,5.6047527E-5,0.06175642
507,49288085,hoojaoh/web-platform-tests,0.0,0.33333334,5.6047527E-5,5.6047527E-5,0.06175642
508,201538456,svhong/portfolio,0.0,0.33333334,5.6047527E-5,5.6047527E-5,0.06175642
509,170957275,tsub/ale,0.0,0.33333334,5.6047527E-5,5.6047527E-5,0.06175642
510,204055612,marcoswb/video_maker,0.0,0.33333334,5.6047527E-5,5.6047527E-5,0.06175642
511,181530989,tienvx/mbt-bundle-skeleton,0.0,0.33333334,5.6047527E-5,5.6047527E-5,0.06175642
512,146422104,Pandinosaurus/elasticsearch,0.0,0.33333334,5.6047527E-5,5.6047527E-5,0.06175642
513,198601695,mP1/walkingkooka-net,0.0,0.33333334,5.6047527E-5,5.6047527E-5,0.06175642
514,194466107,KingCardo/ForeverYoungFitness,0.0,0.33333334,5.6047527E-5,5.6047527E-5,0.06175642
515,202350040,maw101/PuzzleSolvers,0.0,0.33333334,5.6047527E-5,5.6047527E-5,0.06175642
516,144995205,aaqaishtyaq/aaqaishtyaq.github.io,0.0,0.33333334,5.6047527E-5,5.6047527E-5,0.06175642
517,200636887,tatsuki0091/humanresource,0.0,0.33333334,5.6047527E-5,5.6047527E-5,0.06175642
518,107031646,tienvx/mbt-skeleton,0.0,0.33333334,5.6047527E-5,5.6047527E-5,0.06175642
519,203999210,marcincyboran/Hearthstone,0.0,0.33333334,5.6047527E-5,5.6047527E-5,0.06175642
520,205623664,ibm-cloud-architecture/terraform-openshift3-vmware-example,0.0,0.33333334,5.6047527E-5,5.6047527E-5,0.06175642
521,204029219,novacourtois/sunday-april-19th,0.0,0.33333334,5.6047527E-5,5.6047527E-5,0.06175642
522,195284633,peterennis/aepolymorph,0.0,0.33333334,5.6047527E-5,5.6047527E-5,0.06175642
523,202982183,GriGriGore/my-forms-app,0.0,0.33333334,5.6047527E-5,5.6047527E-5,0.06175642
524,203433485,felisucoibi/RetroShare,0.0,0.33333334,5.6047527E-5,5.6047527E-5,0.06175642
525,133111500,acloudiator/awesome-scalability,0.0,0.33333334,5.6047527E-5,5.6047527E-5,0.06175642
526,192224983,terryyylim/terryyylim.github.io,0.0,0.33333334,5.6047527E-5,5.6047527E-5,0.06175642
527,194440690,ebenezerjay/mtg-war,0.0,0.33333334,5.6047527E-5,5.6047527E-5,0.06175642
528,203303097,kee-rp/programming-in-c,0.0,0.33333334,5.6047527E-5,5.6047527E-5,0.06175642
529,205527279,pluse09/emergency_support_android,0.0,0.33333334,5.6047527E-5,5.6047527E-5,0.06175642
530,100966290,lawliteqed/aws-tool,0.0,0.33333334,5.6047527E-5,5.6047527E-5,0.06175642
531,161156620,ptamayo97/Gig-It,0.0,0.33333334,5.6047527E-5,5.6047527E-5,0.06175642
532,205369839,seanholmes77/AWS_SysOps_Associate,0.0,0.33333334,5.6047527E-5,5.6047527E-5,0.06175642
533,205639226,Sakai-NR/000053git,0.0,0.33333334,5.6047527E-5,5.6047527E-5,0.06175642
534,188842081,elixir-europe/cloud,0.0,0.33333334,5.6047527E-5,5.6047527E-5,0.06175642
535,203074468,masako123/terakoya_todo_app,0.0,0.33333334,5.6047527E-5,5.6047527E-5,0.06175642
536,203239533,m-apps-la/mikes_personal_site,0.0,0.33333334,5.6047527E-5,5.6047527E-5,0.06175642
537,190940716,kamil-developer/kamildev,0.0,0.33333334,5.6047527E-5,5.6047527E-5,0.06175642
538,198295095,Carsalog/cl-app,0.0,0.33333334,5.6047527E-5,5.6047527E-5,0.06175642
539,204593545,zaragozamartin91/TDP2-G5-2019-2C-Android,2.562112E-6,0.33333334,5.6047527E-5,1.868251E-5,0.06175062
540,204632463,kokigooner/techmemo,0.0,0.32432434,6.725703E-4,6.725703E-4,0.06056318
541,74318318,slow-session/wellington.session.nz,0.0,0.2857143,5.0442776E-4,0.0010088555,0.06038509
542,205650817,greendeveleap/gan_shmuel_green,0.0,0.25,7.473004E-5,2.2419011E-4,0.06027237
543,205624280,Dragonchain-Community/dragonchain-uvn-install-guide,0.0,0.2857143,3.6430894E-4,7.286179E-4,0.060268316
544,187027461,avitex/nixpkgs,0.0,0.32258067,5.604753E-4,5.604753E-4,0.060216516
545,205645090,LuisaGavilan/azu-ecdn-module,0.0,0.32258067,5.0442776E-4,5.0442776E-4,0.0601885
546,196925919,Exmortem/MagitekRoutine,0.0,0.2857143,5.6047527E-5,1.12095055E-4,0.060011435
547,205158873,JEALG/JEEDOM-Multi_info-Binaire--mobile,0.0,0.32,5.0442776E-4,5.0442776E-4,0.059758384
548,204279297,asanyad/QuickEyes,0.0,0.32,2.8023764E-4,2.8023764E-4,0.05964629
549,195383090,mufaza-textile/Mufaza,0.0,0.13333334,1.21436315E-4,7.286179E-4,0.059522375
550,205608341,coolmanbat2/coolmanbat2.github.io,0.0,0.31578946,4.4838022E-4,4.4838022E-4,0.059028607
551,191406270,sankhaMukherjee/densityNN,0.0,0.31578946,3.923327E-4,3.923327E-4,0.059000585
552,205500616,j-sea/unit-4-game,0.0,0.31578946,2.8023764E-4,2.8023764E-4,0.058944535
553,193953218,saikat-org/chat-room-056,0.0,0.31578946,2.2419011E-4,2.2419011E-4,0.058916513
554,203474762,bw-clinical-trials/Marketing-Page,0.0,0.2777778,2.8023764E-4,5.604753E-4,0.058875505
555,200349879,chrisd149/Project-Zart,0.0,0.30769232,4.4838022E-4,4.4838022E-4,0.057679083
556,200343134,mam17/think,0.0,0.30769232,3.923327E-4,3.923327E-4,0.05765106
557,205389330,vgoloviznin/scout-movies,0.0,0.30769232,3.923327E-4,3.923327E-4,0.05765106
558,205442370,romkravets/modern-mockup,0.0,0.30769232,3.3628516E-4,3.3628516E-4,0.05762304
559,205652608,TomRoskam/Git-leren,0.0,0.30769232,3.3628516E-4,3.3628516E-4,0.05762304
560,198348655,raymondng76/IRS-MR-RS-2019-07-01-IS1FT-GRP-TeamName-LevelUp,0.0,0.30769232,3.3628516E-4,3.3628516E-4,0.05762304
561,205592001,ManSleen/How-To-Redesign-BE,0.0,0.30769232,3.3628516E-4,3.3628516E-4,0.05762304
562,203482564,nicholas-wilcox/cryptopals_solutions,0.0,0.30769232,2.8023764E-4,2.8023764E-4,0.05759501
563,204967828,hirokazutei/react-native-kinpaku-ui,0.0,0.30769232,2.8023764E-4,2.8023764E-4,0.05759501
564,204110764,nowiseeyou/phpModel,0.0,0.30769232,2.2419011E-4,2.2419011E-4,0.05756699
565,172210660,RobinKartikeyaKhatri/The-Complete-Web-Developer-in-2019-Zero-to-Mastery,0.0,0.30769232,2.2419011E-4,2.2419011E-4,0.05756699
566,199138930,bashokusan/P5,0.0,0.30769232,2.2419011E-4,2.2419011E-4,0.05756699
567,202982705,GvYK/CWinHttp,0.0,0.30769232,2.2419011E-4,2.2419011E-4,0.05756699
568,118323284,validmeasures/odkr,0.0,0.30769232,2.2419011E-4,2.2419011E-4,0.05756699
569,205483016,namclu/AirTaskerChallenge,0.0,0.30769232,1.6814258E-4,1.6814258E-4,0.057538968
570,194889600,moyni/moyni.github.io,0.0,0.30769232,1.6814258E-4,1.6814258E-4,0.057538968
571,200873096,light130/myapp,0.0,0.30769232,1.12095055E-4,1.12095055E-4,0.05751094
572,113987411,iv-web/aegis-ivweb,0.0,0.30769232,1.12095055E-4,1.12095055E-4,0.05751094
573,200230197,stobita/airnote,2.2732006E-6,0.30769232,1.12095055E-4,1.601358E-5,0.057495307
574,194800162,yqcznb/running,0.0,0.23076922,1.3077757E-4,3.923327E-4,0.057132628
575,198644046,pinecoders/pinecoders.github.io,0.0,0.3,1.6814258E-4,1.6814258E-4,0.05625691
576,125706072,anuj-github/Programming,0.0,0.3,1.6814258E-4,1.6814258E-4,0.05625691
577,204282083,nguyendinhkhiem/nhanh.vn.v2,0.0,0.26086956,1.12095055E-4,2.2419011E-4,0.05591735
578,205052068,slow-session/ceol-aneas,0.0,0.2962963,4.4838022E-4,4.4838022E-4,0.055779744
579,175970249,lazy-suzy/lazysuzy-code,0.0,0.22222222,9.341254E-5,2.8023764E-4,0.055664536
580,205498394,NaduniRanasinghe/Event-Planner,7.668388E-6,0.22222222,5.6047527E-5,1.6814258E-4,0.055622224
581,200718438,alperendurmus/Slide-Generator,0.0,0.2857143,0.0011769981,0.0011769981,0.05438039
582,205262047,webiot-c/raspi_webserver,0.0,0.25,3.3628516E-4,6.725703E-4,0.054292586
583,203510815,jackm-xyz/rockblock-calendar-compiler,0.0,0.2857143,7.286179E-4,7.286179E-4,0.054156195
584,203900878,houko/flutter-study-app,0.0,0.2857143,6.725703E-4,6.725703E-4,0.054128174
585,205612424,RSpe/MSA-Sign-Translate,0.0,0.25,1.12095055E-4,2.2419011E-4,0.054105755
586,178513664,shalendar/Shalendar_Android_Java,0.0,0.25,1.12095055E-4,2.2419011E-4,0.054105755
587,199221636,policy-views/Policy-Views-Website,0.0,0.2857143,5.604753E-4,5.604753E-4,0.054072123
588,205650830,Zkatzav/TrabaJob,0.0,0.25,5.6047527E-5,1.12095055E-4,0.054059055
589,171973142,vorot93/nixpkgs,0.0,0.2857143,5.0442776E-4,5.0442776E-4,0.0540441
590,200335264,LoyalBlanc/SpModule,0.0,0.2857143,5.0442776E-4,5.0442776E-4,0.0540441
591,194728827,jorgeotavio/Jogo-Mpoo,0.0,0.2857143,4.4838022E-4,4.4838022E-4,0.05401608
592,205598570,jescowuester/a11y-hooks,0.0,0.2857143,4.4838022E-4,4.4838022E-4,0.05401608
593,205627816,ahucv/Multi-Model-Fusion-Framework,0.0,0.2857143,3.923327E-4,3.923327E-4,0.053988058
594,205533344,a32kita/YBlogLoader,0.0,0.2857143,3.923327E-4,3.923327E-4,0.053988058
595,200408460,A-Evseeva/odoo_toonproject,0.0,0.2857143,3.923327E-4,3.923327E-4,0.053988058
596,205302183,irene-haeryun-kwon/irene-haeryun-kwon.github.io,0.0,0.2857143,3.923327E-4,3.923327E-4,0.053988058
597,196411209,vunited/kaoyan_Language_Of_C,1.4920987E-7,0.2857143,5.0442776E-4,9.89074E-6,0.053961705
598,203378782,Tiankx1003/Data-Warehouse,0.0,0.2857143,3.3628516E-4,3.3628516E-4,0.053960036
599,200937615,whoami1231/blog-vue,0.0,0.2857143,3.3628516E-4,3.3628516E-4,0.053960036
600,164608222,alibaba/flutter-go,0.0,0.2857143,3.3628516E-4,3.3628516E-4,0.053960036
601,205489003,nekonabesan/prj_8cc,0.0,0.2857143,2.8023764E-4,2.8023764E-4,0.053932007
602,205627141,adithyakoundinya/motion-matrix,0.0,0.2857143,2.8023764E-4,2.8023764E-4,0.053932007
603,205616559,SamGearou/CLRS,0.0,0.2857143,2.8023764E-4,2.8023764E-4,0.053932007
604,204148844,rahulraogrr/econnectapp,0.0,0.2857143,2.8023764E-4,2.8023764E-4,0.053932007
605,9474967,splattner/myvbc,0.0,0.2857143,2.8023764E-4,2.8023764E-4,0.053932007
606,203071661,CuAnnan/Downlink,0.0,0.2857143,2.8023764E-4,2.8023764E-4,0.053932007
607,205150877,tegnike/practice_container,0.0,0.2857143,2.8023764E-4,2.8023764E-4,0.053932007
608,205623811,nickstern2/mister-cocktail,0.0,0.2857143,2.2419011E-4,2.2419011E-4,0.053903986
609,143460620,djscroggins/tree-trimmer,0.0,0.2857143,2.2419011E-4,2.2419011E-4,0.053903986
610,205624065,felixfong227/e621_helper_tampermonkey,0.0,0.2857143,2.2419011E-4,2.2419011E-4,0.053903986
611,205526365,MASATO-YAKUSHIGAWA/weather_line_bot,0.0,0.2857143,2.2419011E-4,2.2419011E-4,0.053903986
612,197899500,0ofKIM/for-git-experience,0.0,0.2857143,1.6814258E-4,1.6814258E-4,0.053875964
613,205628176,daleksprinter/react-redux,0.0,0.2857143,1.6814258E-4,1.6814258E-4,0.053875964
614,176946122,egyptian-cure-bank/ECBNewWeb,0.0,0.2857143,1.6814258E-4,1.6814258E-4,0.053875964
615,109460103,traPtitech/traQ-UI,0.0,0.2857143,1.6814258E-4,1.6814258E-4,0.053875964
616,204631211,profjordanov/saleforce,0.0,0.2857143,1.6814258E-4,1.6814258E-4,0.053875964
617,198094565,SalvatoreSantamaria/rails-alpha-blog,0.0,0.2857143,1.6814258E-4,1.6814258E-4,0.053875964
618,205543603,DrZIn-dev/word-challenge,0.0,0.2857143,1.6814258E-4,1.6814258E-4,0.053875964
619,203478271,shioimm/til,0.0,0.2857143,1.6814258E-4,1.6814258E-4,0.053875964
620,181786275,dcts/CoinRocketApp.com,0.0,0.2857143,1.6814258E-4,1.6814258E-4,0.053875964
621,203657983,NoraVR/hmyes,0.0,0.2857143,1.6814258E-4,1.6814258E-4,0.053875964
622,114224854,Alexiuce/ServerStudy,0.0,0.2857143,1.6814258E-4,1.6814258E-4,0.053875964
623,203867903,yeniv/soybean-challenge,0.0,0.2857143,1.6814258E-4,1.6814258E-4,0.053875964
624,98848994,sanko-shoko/simplesp,0.0,0.2857143,1.6814258E-4,1.6814258E-4,0.053875964
625,205656597,pdonadeo/fix_date,0.0,0.2857143,1.6814258E-4,1.6814258E-4,0.053875964
626,202898655,ShelbyDiamond/Portfolio,0.0,0.2857143,1.6814258E-4,1.6814258E-4,0.053875964
627,201546199,davidwarshaw/unipaint,0.0,0.2857143,1.6814258E-4,1.6814258E-4,0.053875964
628,199869316,SorkinType/EQX,0.0,0.2857143,1.6814258E-4,1.6814258E-4,0.053875964
629,205622390,JMo911/clickygame3,0.0,0.2857143,1.6814258E-4,1.6814258E-4,0.053875964
630,197108360,Janda95/IPSubnet-Android,0.0,0.2857143,1.6814258E-4,1.6814258E-4,0.053875964
631,204581528,erykmol/Event-app,0.0,0.2857143,1.6814258E-4,1.6814258E-4,0.053875964
632,201744257,eric7733/whitepaper-1,0.0,0.2857143,1.6814258E-4,1.6814258E-4,0.053875964
633,200309165,averycrespi/yolk,0.0,0.2857143,1.6814258E-4,1.6814258E-4,0.053875964
634,195022224,maximsan/EasyRent,0.0,0.2857143,1.6814258E-4,1.6814258E-4,0.053875964
635,122259429,MarcoPNS/Spotify-Stream-Widget,1.8841535E-8,0.2857143,2.2419011E-4,5.481421E-7,0.053866714
636,184424921,dudcheol/SLRcoding,0.0,0.2857143,1.12095055E-4,1.12095055E-4,0.053847935
637,190997227,JEALG/JEEDOM-Fenetre-IMG--Mobile,0.0,0.2857143,1.12095055E-4,1.12095055E-4,0.053847935
638,205613678,TheGreatSloff/hello-world,0.0,0.2857143,1.12095055E-4,1.12095055E-4,0.053847935
639,186082056,dtolnay/case-studies,0.0,0.2857143,1.12095055E-4,1.12095055E-4,0.053847935
640,195985340,mahdikeshavarz903/icounseling,0.0,0.2857143,1.12095055E-4,1.12095055E-4,0.053847935
641,205403870,haseebc/pentestprofile,0.0,0.2857143,1.12095055E-4,1.12095055E-4,0.053847935
642,80881231,amnona/dbbact-calour,0.0,0.2857143,1.12095055E-4,1.12095055E-4,0.053847935
643,204754710,Vinayak-NZ/RSS_2019,0.0,0.2857143,1.12095055E-4,1.12095055E-4,0.053847935
644,194020259,aashishgarg/dairy,0.0,0.2857143,1.12095055E-4,1.12095055E-4,0.053847935
645,204123206,aquarius25/ball4u,0.0,0.2857143,1.12095055E-4,1.12095055E-4,0.053847935
646,100798090,pigpigever/leetcode-js-tonychen,0.0,0.2857143,1.12095055E-4,1.12095055E-4,0.053847935
647,190673383,bmt94/SageClient,0.0,0.2857143,1.12095055E-4,1.12095055E-4,0.053847935
648,202611751,bmcleroy/rbm-realestate,0.0,0.2857143,1.12095055E-4,1.12095055E-4,0.053847935
649,200448791,KazukiYunoue/rails_without_scaf,0.0,0.2857143,1.12095055E-4,1.12095055E-4,0.053847935
650,201570345,xcelsiorbosi/UNI_2019_DAG_TEXT_ANALYTICS,0.0,0.2857143,1.12095055E-4,1.12095055E-4,0.053847935
651,170208514,alanbo/social-network-starter-kit,0.0,0.2857143,1.12095055E-4,1.12095055E-4,0.053847935
652,89654412,u014427391/jeeplatform,0.0,0.2857143,1.12095055E-4,1.12095055E-4,0.053847935
653,192161737,SathishSaminathan/loote,0.0,0.2857143,1.12095055E-4,1.12095055E-4,0.053847935
654,203847826,hiroshima820/HTML-CSS,0.0,0.2857143,1.12095055E-4,1.12095055E-4,0.053847935
655,205589105,andres-martin/flow_over_stack_rails,0.0,0.2857143,1.12095055E-4,1.12095055E-4,0.053847935
656,203142363,gengdz/learning-notes,0.0,0.2857143,1.12095055E-4,1.12095055E-4,0.053847935
657,202515199,raaya-pathare/raaya.com,0.0,0.2857143,1.12095055E-4,1.12095055E-4,0.053847935
658,204148084,stephenh67/blackjack,0.0,0.2857143,1.12095055E-4,1.12095055E-4,0.053847935
659,205604264,Allenzzp/PY-Scrapy-Cui,0.0,0.2857143,1.12095055E-4,1.12095055E-4,0.053847935
660,193383740,white-rose/GongfuchaRevivals,0.0,0.2857143,1.12095055E-4,1.12095055E-4,0.053847935
661,112021426,ealejandroh/web,0.0,0.2857143,1.12095055E-4,1.12095055E-4,0.053847935
662,189529617,elesei/laravel-notification-channels-twilio,0.0,0.2857143,1.12095055E-4,1.12095055E-4,0.053847935
663,163917140,Bright-W/RSSHub,0.0,0.2857143,1.12095055E-4,1.12095055E-4,0.053847935
664,204765321,sarahb831/React-Native-Chat-App,0.0,0.2857143,1.12095055E-4,1.12095055E-4,0.053847935
665,65037118,the-code-experiments/dl-prerequisite,0.0,0.2857143,1.12095055E-4,1.12095055E-4,0.053847935
666,204621727,PKxk8J/yasagashi,0.0,0.2857143,1.12095055E-4,1.12095055E-4,0.053847935
667,205626288,vayelcrau/connector,0.0,0.2857143,1.12095055E-4,1.12095055E-4,0.053847935
668,205645361,iamraga/Anonymous-Message-Board-FCC,0.0,0.2857143,1.12095055E-4,1.12095055E-4,0.053847935
669,163115273,tam-leminh/tam-leminh.github.io,0.0,0.2857143,1.12095055E-4,1.12095055E-4,0.053847935
670,169627291,bbah93/Igloo,0.0,0.2857143,1.12095055E-4,1.12095055E-4,0.053847935
671,126953799,Pandinosaurus/cpython,0.0,0.2857143,1.12095055E-4,1.12095055E-4,0.053847935
672,179084830,proshantokuet/psibd,0.0,0.2857143,1.12095055E-4,1.12095055E-4,0.053847935
673,198952454,aoju/bus,0.0,0.2857143,1.12095055E-4,1.12095055E-4,0.053847935
674,197859434,Tiankx1003/Note,0.0,0.2857143,1.12095055E-4,1.12095055E-4,0.053847935
675,158498560,yamash723/nes-emulator-rust,1.1996881E-4,0.2857143,5.6047527E-5,5.6047527E-5,0.053839907
676,133233610,sazare/cheaplogic,1.1394804E-6,0.2857143,1.12095055E-4,1.868251E-5,0.053832557
677,205324004,sitRyo/RougeLikeShooting,4.1384733E-6,0.2857143,5.6047527E-5,5.6047527E-5,0.053820606
678,185145153,DRracer/Prusa-Firmware,0.0,0.2857143,5.6047527E-5,5.6047527E-5,0.053819913
679,205633928,ryu-sasaki/existance,0.0,0.2857143,5.6047527E-5,5.6047527E-5,0.053819913
680,191776595,xemoe/vue-realworld-example-app,0.0,0.2857143,5.6047527E-5,5.6047527E-5,0.053819913
681,204715564,masanorifunaki/expo-react-native-news-app,0.0,0.2857143,5.6047527E-5,5.6047527E-5,0.053819913
682,203878224,redacademy/beyond-ws1-2019,0.0,0.2857143,5.6047527E-5,5.6047527E-5,0.053819913
683,191099179,machamp0714/airbnb,0.0,0.2857143,5.6047527E-5,5.6047527E-5,0.053819913
684,202639706,fengjixuchui/defcon27_csharp_workshop,0.0,0.2857143,5.6047527E-5,5.6047527E-5,0.053819913
685,192615239,MercierCorentin/countext,0.0,0.2857143,5.6047527E-5,5.6047527E-5,0.053819913
686,202401644,ganeshramyadav/AuthService,0.0,0.2857143,5.6047527E-5,5.6047527E-5,0.053819913
687,119244198,tiarebalbi/spring-boot,0.0,0.2857143,5.6047527E-5,5.6047527E-5,0.053819913
688,174278580,fengjixuchui/algo,0.0,0.2857143,5.6047527E-5,5.6047527E-5,0.053819913
689,165453459,Shadow-Quill/Paradise,0.0,0.2857143,5.6047527E-5,5.6047527E-5,0.053819913
690,205635000,lethavi/market_place_api,0.0,0.2857143,5.6047527E-5,5.6047527E-5,0.053819913
691,195400311,KagamigawaMeguri/ShadowsocksR-Windows,0.0,0.2857143,5.6047527E-5,5.6047527E-5,0.053819913
692,187534124,Jimmy-Hu/vcpkg,0.0,0.2857143,5.6047527E-5,5.6047527E-5,0.053819913
693,179266136,friend-app/party,0.0,0.2857143,5.6047527E-5,5.6047527E-5,0.053819913
694,193448864,fakegit/redash,0.0,0.2857143,5.6047527E-5,5.6047527E-5,0.053819913
695,162635170,Tyler-Pritchard/Gather-backend,0.0,0.2857143,5.6047527E-5,5.6047527E-5,0.053819913
696,195492929,sandip15/Leetcode-Practice-Solutions,0.0,0.2857143,5.6047527E-5,5.6047527E-5,0.053819913
697,205595337,htanivar/java-core-8,0.0,0.2857143,5.6047527E-5,5.6047527E-5,0.053819913
698,205477375,MosesofEgypt/supyr_struct,0.0,0.2857143,5.6047527E-5,5.6047527E-5,0.053819913
699,204198775,breelong7/cookie-stand,0.0,0.2857143,5.6047527E-5,5.6047527E-5,0.053819913
700,205654908,Wouter0100/restic,0.0,0.2857143,5.6047527E-5,5.6047527E-5,0.053819913
701,174698125,Pandinosaurus/pytorch-pretrained-BERT,0.0,0.2857143,5.6047527E-5,5.6047527E-5,0.053819913
702,191488794,joe9111/pdf.js,0.0,0.2857143,5.6047527E-5,5.6047527E-5,0.053819913
703,28761006,moimikey/homebrew-cask,0.0,0.2857143,5.6047527E-5,5.6047527E-5,0.053819913
704,204378568,Shinji1129/LaraPhoto,0.0,0.2857143,5.6047527E-5,5.6047527E-5,0.053819913
705,68598795,inner-active/InneractiveAdSDK-iOS,0.0,0.2857143,5.6047527E-5,5.6047527E-5,0.053819913
706,190856712,acid-chicken/mono,0.0,0.2857143,5.6047527E-5,5.6047527E-5,0.053819913
707,195100407,bmstu-iu9/utp2019-8-chat,0.0,0.2857143,5.6047527E-5,5.6047527E-5,0.053819913
708,188867850,satopian/poti-kai,0.0,0.2857143,5.6047527E-5,5.6047527E-5,0.053819913
709,200669169,YusukeHirose/goproduct,0.0,0.2857143,5.6047527E-5,5.6047527E-5,0.053819913
710,169334303,zwagoth/e621ng,0.0,0.2857143,5.6047527E-5,5.6047527E-5,0.053819913
711,119666381,Pandinosaurus/pytorch,0.0,0.2857143,5.6047527E-5,5.6047527E-5,0.053819913
712,202845127,Yokohama-Miyazawa/irohaboard,0.0,0.2857143,5.6047527E-5,5.6047527E-5,0.053819913
713,194740339,peterennis/ionic-pwa-toolkit,0.0,0.2857143,5.6047527E-5,5.6047527E-5,0.053819913
714,204823258,edwardhdez/face-locator-api,0.0,0.2857143,5.6047527E-5,5.6047527E-5,0.053819913
715,205642761,alexburrowsdev/build-your-own-x,0.0,0.2857143,5.6047527E-5,5.6047527E-5,0.053819913
716,126603096,Mattlk13/swagger-ui,0.0,0.2857143,5.6047527E-5,5.6047527E-5,0.053819913
717,203967465,daiymd/freemarket_sample_57b,0.0,0.2857143,5.6047527E-5,5.6047527E-5,0.053819913
718,205518812,CodecoolGlobal/filepartreader-testing-with-junit-ezsana,0.0,0.2857143,5.6047527E-5,5.6047527E-5,0.053819913
719,205661122,vitalyliber/hotel,0.0,0.2857143,5.6047527E-5,5.6047527E-5,0.053819913
720,203158932,jennikate/wdi-fundamentals-memorygame,0.0,0.2857143,5.6047527E-5,5.6047527E-5,0.053819913
721,205294692,milicofelix/whatsapp-ecommerce,0.0,0.2857143,5.6047527E-5,5.6047527E-5,0.053819913
722,25795005,JustinWingChungHui/okKindred,0.0,0.2857143,5.6047527E-5,5.6047527E-5,0.053819913
723,201810411,Mokagbue/thewallbackend,0.0,0.2857143,5.6047527E-5,5.6047527E-5,0.053819913
724,203533865,ChaosQuant/panther,0.0,0.2857143,5.6047527E-5,5.6047527E-5,0.053819913
725,203592131,edwardhdez/face-locator,0.0,0.2857143,5.6047527E-5,5.6047527E-5,0.053819913
726,101089623,MaTriXy/iosched,0.0,0.2857143,5.6047527E-5,5.6047527E-5,0.053819913
727,92983492,bradleyhop/bradleyhop.github.io,0.0,0.2857143,5.6047527E-5,5.6047527E-5,0.053819913
728,133188143,QuebraDev/quebradev.github.io,0.0,0.2857143,5.6047527E-5,5.6047527E-5,0.053819913
729,31720557,keneanung/mono,0.0,0.2857143,5.6047527E-5,5.6047527E-5,0.053819913
730,84240564,AgaKhanFoundation/WCF-android,0.0,0.2857143,5.6047527E-5,5.6047527E-5,0.053819913
731,204215972,Mel34/sway,0.0,0.2857143,5.6047527E-5,5.6047527E-5,0.053819913
732,151320588,abranhe/hackathon-badges,0.0,0.2857143,5.6047527E-5,5.6047527E-5,0.053819913
733,202117940,traceon/ClickHouse,0.0,0.2857143,5.6047527E-5,5.6047527E-5,0.053819913
734,205453676,Wherewolfe35/saga-movies,0.0,0.2857143,5.6047527E-5,5.6047527E-5,0.053819913
735,198913882,a-mabe/tmvis,0.0,0.2857143,5.6047527E-5,5.6047527E-5,0.053819913
736,204208307,LeoKuhorev/cookie-stand,0.0,0.2857143,5.6047527E-5,5.6047527E-5,0.053819913
737,189890777,fakegit/audacity,0.0,0.2857143,5.6047527E-5,5.6047527E-5,0.053819913
738,202098884,grmgr/chat-space,0.0,0.2857143,5.6047527E-5,5.6047527E-5,0.053819913
739,205565758,maichang/task_app,0.0,0.2857143,5.6047527E-5,5.6047527E-5,0.053819913
740,191999974,brpaz/cheatsheets,0.0,0.2857143,5.6047527E-5,5.6047527E-5,0.053819913
741,205624877,SmartHomeBuilder/app-control-panel,0.0,0.2857143,5.6047527E-5,5.6047527E-5,0.053819913
742,205637500,inguuu/socket-chat-room,0.0,0.27906978,6.725703E-4,6.725703E-4,0.053020757
743,202855233,khml/gcp-tools,0.0,0.27906978,5.0442776E-4,5.0442776E-4,0.052936684
744,205472557,blnaef99/brandan-naef-development,0.0,0.27586207,4.4838022E-4,4.4838022E-4,0.05237404
745,205069307,leenisl/mianmian81,0.0,0.05,8.807469E-5,6.165228E-4,0.051763397
746,205525029,parambika/PaperplaneExtended,0.0,0.27272728,1.6814258E-4,1.6814258E-4,0.05171146
747,203341786,chankl78/backofficeq,0.0,0.27272728,1.6814258E-4,1.6814258E-4,0.05171146
748,203277025,Koshenko/TG-Claw,0.0,0.23529412,1.6814258E-4,3.3628516E-4,0.051701486
749,170576568,Jozaguts/reservaciones,0.0,0.23529412,1.6814258E-4,3.3628516E-4,0.051701486
750,6219981,trombik/freebsd-ports,0.0,0.27027026,2.8023764E-4,2.8023764E-4,0.051358
751,204897581,tororujtz54k0/chat-space,0.0,0.26666668,6.725703E-4,6.725703E-4,0.05095357
752,200959344,ramondcsilva/There-and-back-again,0.0,0.1935484,1.3077757E-4,3.923327E-4,0.05092916
753,143149646,younghochai/motion-matrix,0.0,0.23076922,1.4011882E-4,2.8023764E-4,0.050923984
754,205647423,Christones211/Curriculum-vitae,0.0,0.26666668,3.923327E-4,3.923327E-4,0.050813455
755,205628570,ankitmayur/eventFilterSolved,0.0,0.26666668,3.3628516E-4,3.3628516E-4,0.050785434
756,198566324,RoyNyaga/afea_website,0.0,0.26666668,2.2419011E-4,2.2419011E-4,0.050729383
757,192961316,MangrobanGit/comics_rx,0.0,0.26666668,2.2419011E-4,2.2419011E-4,0.050729383
758,190982843,siddg97/portfolio,0.0,0.26666668,2.2419011E-4,2.2419011E-4,0.050729383
759,112731567,sizzlorox/Idle-RPG-Bot,0.0,0.26666668,2.2419011E-4,2.2419011E-4,0.050729383
760,204017435,aeorfei/site_customer_journeys,0.0,0.26666668,2.2419011E-4,2.2419011E-4,0.050729383
761,191917371,dcts/javascript30-codingChallenges,0.0,0.26666668,1.6814258E-4,1.6814258E-4,0.05070136
762,201224460,jayanthns/django-frontend-backend-scaffold,0.0,0.26666668,1.6814258E-4,1.6814258E-4,0.05070136
763,196932052,kitiya/beaver,0.0,0.26666668,1.6814258E-4,1.6814258E-4,0.05070136
764,203060686,ezekielgiordano/neat_lists,0.0,0.26666668,1.12095055E-4,1.12095055E-4,0.050673332
765,163486577,Freemd-it/recruiting-admin,0.0,0.26666668,1.12095055E-4,1.12095055E-4,0.050673332
766,146932304,ivanivanyuk1993/util-angular,0.0,0.26666668,1.12095055E-4,1.12095055E-4,0.050673332
767,151634214,roketworks/azure-docs,0.0,0.26666668,1.12095055E-4,1.12095055E-4,0.050673332
768,200668446,res0nanz/saira,4.167357E-6,0.26666668,1.12095055E-4,3.736502E-5,0.050661575
769,203499865,Abbiscuit/hnyka-store,1.5251738E-6,0.26666668,1.12095055E-4,1.601358E-5,0.050657574
770,200291323,Draxtheros/Persistent-Bay,0.0,0.26086956,0.0010088555,0.0010088555,0.05015553
771,203359189,hrwtrhnk/wotacolle,0.0,0.26086956,6.725703E-4,6.725703E-4,0.049987387
772,204532497,Kath06Urquilla/ConstructoraJAVA,0.0,0.22222222,5.0442776E-4,0.0010088555,0.049803074
773,203744361,polinema-mobile/android,0.0,0.22222222,2.8023764E-4,5.604753E-4,0.049616247
774,148928031,cutreth/lkbw,0.0,0.2580645,6.725703E-4,6.725703E-4,0.049519878
775,195532482,bomber0522/freemarket_sample_50b,0.0,0.22222222,8.407129E-5,1.6814258E-4,0.049452778
776,205618173,0xked/beige-lettuce,0.0,0.25,0.0021858537,0.0021858537,0.048932433
777,68720867,firstcontributions/first-contributions,0.0,0.25531915,3.3628516E-4,3.3628516E-4,0.048894178
778,205481187,jrcroke/upstatement-task-manager,0.0,0.25396827,7.286179E-4,7.286179E-4,0.048865188
779,205629004,stevensgeek41/github-pages-with-jekyll,0.0034722222,0.25,5.6047527E-5,5.6047527E-5,0.048446234
780,203224303,karthikk12/MyFirstRepo1,0.0,0.25,0.001064903,0.001064903,0.048371956
781,205619876,ozikot/atcoder-review-notificator,1.7313019E-4,0.25,9.5280795E-4,9.5280795E-4,0.048344765
782,194744718,ricardo85x/desafios-rocketseat,0.0,0.25,5.0442776E-4,5.0442776E-4,0.04809172
783,205530472,lucasqueiroz/associate-rb,0.0,0.25,4.4838022E-4,4.4838022E-4,0.048063695
784,204320744,dbdtchkrbrty/EndeavourOS-contrib,0.0,0.25,3.923327E-4,3.923327E-4,0.048035678
785,205653642,SteinerRob/population-overview-app,0.0,0.25,3.923327E-4,3.923327E-4,0.048035678
786,195852510,DenisZhukov123/XT_Q2,0.0,0.25,3.3628516E-4,3.3628516E-4,0.04800765
787,183955383,denma-group/website-frontend,0.0,0.25,3.3628516E-4,3.3628516E-4,0.04800765
788,198784881,shaila13/Spring,0.0,0.25,3.3628516E-4,3.3628516E-4,0.04800765
789,189591261,bbonkr/nodeblog,0.0,0.25,3.3628516E-4,3.3628516E-4,0.04800765
790,179693906,LED-Camp/LED-Camp7,0.0,0.25,3.3628516E-4,3.3628516E-4,0.04800765
791,204133279,arilau/ClockModule,0.0,0.25,2.8023764E-4,2.8023764E-4,0.047979623
792,184685088,kazuya-hachisuka/QR-Time-Card-Ver2,0.0,0.25,2.8023764E-4,2.8023764E-4,0.047979623
793,202683628,fengdanbailu/leetcode,0.0,0.25,2.2419011E-4,2.2419011E-4,0.047951605
794,178136664,schwartzadev/cx-frontend,0.0,0.25,2.2419011E-4,2.2419011E-4,0.047951605
795,200869733,niexiaofei1988/learn-applets,0.0,0.25,2.2419011E-4,2.2419011E-4,0.047951605
796,201090464,RomanistHere/YouTube-Search-Playlist,0.0,0.25,2.2419011E-4,2.2419011E-4,0.047951605
797,195645888,atto-team/atto_android,0.0,0.25,2.2419011E-4,2.2419011E-4,0.047951605
798,204876180,liudlbest/webpack-demo,0.0,0.25,2.2419011E-4,2.2419011E-4,0.047951605
799,157460824,dead-bucket/front-end,0.0,0.25,2.2419011E-4,2.2419011E-4,0.047951605
800,203163510,SpaceChina/Less,0.0,0.25,2.2419011E-4,2.2419011E-4,0.047951605
801,205624160,Lovecanon/lovecanon.github.io,0.0,0.25,2.2419011E-4,2.2419011E-4,0.047951605
802,204121758,mauabe/ece-2018-2019,0.0,0.25,2.2419011E-4,2.2419011E-4,0.047951605
803,194790527,andres53/SistemaDipca,0.0,0.25,1.6814258E-4,1.6814258E-4,0.047923576
804,16427229,magfest/ubersystem,0.0,0.25,1.6814258E-4,1.6814258E-4,0.047923576
805,205621517,sertakicien2000/sabotsy,0.0,0.25,1.6814258E-4,1.6814258E-4,0.047923576
806,193473761,zvan/catan,0.0,0.25,1.6814258E-4,1.6814258E-4,0.047923576
807,177577170,chris-short/devopsish.com,0.0,0.25,1.6814258E-4,1.6814258E-4,0.047923576
808,186381078,AbdallahDev/events_flutter,0.0,0.25,1.6814258E-4,1.6814258E-4,0.047923576
809,204516270,Martinbalke/Imflix,0.0,0.25,1.6814258E-4,1.6814258E-4,0.047923576
810,117140827,testkevinbonz/tensorflow,0.0,0.25,1.6814258E-4,1.6814258E-4,0.047923576
811,205367295,JangkarBumi/MerlinFood,0.0,0.25,1.6814258E-4,1.6814258E-4,0.047923576
812,203381828,t5a1r1ou/asoviva,0.0,0.25,1.6814258E-4,1.6814258E-4,0.047923576
813,200269764,ESTAID/ESTAID.github.io,0.0,0.25,1.6814258E-4,1.6814258E-4,0.047923576
814,188345587,Crowbrammer/AutoScheduler,2.6788824E-5,0.25,1.12095055E-4,1.12095055E-4,0.047900017
815,189586704,deichcode/ehrengarde-website,7.327618E-6,0.25,1.12095055E-4,1.12095055E-4,0.047896773
816,166724396,BanditDev/pepega,0.0,0.25,1.12095055E-4,1.12095055E-4,0.04789555
817,205653095,sandeepnegi1996/angular-full-stack-course,0.0,0.25,1.12095055E-4,1.12095055E-4,0.04789555
818,202657889,TSPeterson206/jsculpture,0.0,0.25,1.12095055E-4,1.12095055E-4,0.04789555
819,205495784,masa720/bandedly,0.0,0.25,1.12095055E-4,1.12095055E-4,0.04789555
820,201958002,adunla6885/CSC240-WEBSITE-DESIGN,0.0,0.25,1.12095055E-4,1.12095055E-4,0.04789555
821,204599949,tyfal/NodeSQL,0.0,0.25,1.12095055E-4,1.12095055E-4,0.04789555
822,169818588,alltruino/alltruismo-page,0.0,0.25,1.12095055E-4,1.12095055E-4,0.04789555
823,192149021,Mohamilr/Maintenance-Tracker,0.0,0.25,1.12095055E-4,1.12095055E-4,0.04789555
824,205627885,ike-keichan/summer-intern-0831-B,0.0,0.25,1.12095055E-4,1.12095055E-4,0.04789555
825,205646285,Shubhamgarg25/dummy1,0.0,0.25,1.12095055E-4,1.12095055E-4,0.04789555
826,126995385,JustinDFuller/medium-stories,0.0,0.25,1.12095055E-4,1.12095055E-4,0.04789555
827,197471255,ProyectoTesisAI/SNAI_Cliente,0.0,0.25,1.12095055E-4,1.12095055E-4,0.04789555
828,200501574,yangjie-github/springCloud,0.0,0.25,1.12095055E-4,1.12095055E-4,0.04789555
829,125684177,wanglelecc/laracms,0.0,0.25,1.12095055E-4,1.12095055E-4,0.04789555
830,174724398,JEALG/JEEDOM-Fenetre-IMG,0.0,0.25,1.12095055E-4,1.12095055E-4,0.04789555
831,203990239,PatrickNirina002/portefoliopa,0.0,0.25,1.12095055E-4,1.12095055E-4,0.04789555
832,204835936,elrizal/nextjs-demo,0.0,0.25,1.12095055E-4,1.12095055E-4,0.04789555
833,205542370,rb2518/Omnifood,0.0,0.25,1.12095055E-4,1.12095055E-4,0.04789555
834,92065482,bdastur/notes,0.0,0.25,1.12095055E-4,1.12095055E-4,0.04789555
835,194629490,syota-sidara/sk8growth,0.0,0.25,1.12095055E-4,1.12095055E-4,0.04789555
836,192104919,rajeshpatel1993/nodejs-practice,0.0,0.25,1.12095055E-4,1.12095055E-4,0.04789555
837,82233734,JumpGateio/JumpGate,0.0,0.25,1.12095055E-4,1.12095055E-4,0.04789555
838,205143141,bogroot/WormError,0.0,0.25,1.12095055E-4,1.12095055E-4,0.04789555
839,188163530,yutank34/go-lang,0.0,0.25,1.12095055E-4,1.12095055E-4,0.04789555
840,204318524,rjimmy2512/cookie-stand,0.0,0.25,1.12095055E-4,1.12095055E-4,0.04789555
841,153037149,about-cloud/JavaCore,0.0,0.25,1.12095055E-4,1.12095055E-4,0.04789555
842,196558389,DanielPich1996/angularNodejs,0.0,0.25,1.12095055E-4,1.12095055E-4,0.04789555
843,136002362,jasonBirchall/dotfiles,0.0,0.25,1.12095055E-4,1.12095055E-4,0.04789555
844,204896924,zigzagzackey/MySolver_Gasyori100knock,0.0,0.25,1.12095055E-4,1.12095055E-4,0.04789555
845,205602860,FatimaMillanes/app-basic-html-proyecto,0.0,0.25,1.12095055E-4,1.12095055E-4,0.04789555
846,203071481,johnagl/personal-website-2,0.0,0.25,1.12095055E-4,1.12095055E-4,0.04789555
847,56588903,Jarthianur/VirtualFlightRadar-Backend,0.0,0.25,1.12095055E-4,1.12095055E-4,0.04789555
848,205631738,arps18/Basic,0.0,0.25,1.12095055E-4,1.12095055E-4,0.04789555
849,56037514,yimajo/MeetupTweet,0.0,0.25,1.12095055E-4,1.12095055E-4,0.04789555
850,205626008,furrybroadcastingnetwork/All-Pony-Radio,0.0,0.25,1.12095055E-4,1.12095055E-4,0.04789555
851,197187371,is044088/chat-space,0.0,0.25,1.12095055E-4,1.12095055E-4,0.04789555
852,205203178,JEALG/JEEDOM-Fenetre--mobile,0.0,0.25,1.12095055E-4,1.12095055E-4,0.04789555
853,119563885,alphadl/THUMT,0.0,0.25,1.12095055E-4,1.12095055E-4,0.04789555
854,167501326,riederleeDEV/CS41-Stanford,0.0,0.25,1.12095055E-4,1.12095055E-4,0.04789555
855,196282742,Qiskit/qiskit-community-tutorials,0.0,0.25,1.12095055E-4,1.12095055E-4,0.04789555
856,204427671,lamhoangtung/CRAFT-Remade,0.0,0.25,5.6047527E-5,5.6047527E-5,0.047867533
857,203016560,tim1014/SSPanel-Uim,0.0,0.25,5.6047527E-5,5.6047527E-5,0.047867533
858,204413335,yuriesan/yuri-tabi,0.0,0.25,5.6047527E-5,5.6047527E-5,0.047867533
859,201680290,samueljklee/sam-learnings,0.0,0.25,5.6047527E-5,5.6047527E-5,0.047867533
860,204408229,adamjweil/anotherTry,0.0,0.25,5.6047527E-5,5.6047527E-5,0.047867533
861,201733696,toastofchaos/DSC-Blog,0.0,0.25,5.6047527E-5,5.6047527E-5,0.047867533
862,101918602,kaypeter87/forever,0.0,0.25,5.6047527E-5,5.6047527E-5,0.047867533
863,148095220,OBIGOGIT/avs-device-sdk,0.0,0.25,5.6047527E-5,5.6047527E-5,0.047867533
864,200915553,shibuya-akihiro/our-playlists,0.0,0.25,5.6047527E-5,5.6047527E-5,0.047867533
865,205608134,justgarcia5/battleship,0.0,0.25,5.6047527E-5,5.6047527E-5,0.047867533
866,189617439,inlyt/lede,0.0,0.25,5.6047527E-5,5.6047527E-5,0.047867533
867,165312073,BattletechModders/RogueTech,0.0,0.25,5.6047527E-5,5.6047527E-5,0.047867533
868,205132615,xeuus/coreact,0.0,0.25,5.6047527E-5,5.6047527E-5,0.047867533
869,145968545,ass-a2s/illumos-kvm-cmd,0.0,0.25,5.6047527E-5,5.6047527E-5,0.047867533
870,184720586,S-mardii/wordpress-development-on-docker,0.0,0.25,5.6047527E-5,5.6047527E-5,0.047867533
871,149593087,serhii73/Python,0.0,0.25,5.6047527E-5,5.6047527E-5,0.047867533
872,197373732,Ryosuke-Ha/chat-space,0.0,0.25,5.6047527E-5,5.6047527E-5,0.047867533
873,199241444,ramkatneni/Master_Develop,0.0,0.25,5.6047527E-5,5.6047527E-5,0.047867533
874,199197296,anthonybusto/Twitterish,0.0,0.25,5.6047527E-5,5.6047527E-5,0.047867533
875,179036147,Tiafeno/FREEZONE,0.0,0.25,5.6047527E-5,5.6047527E-5,0.047867533
876,202127182,mtsunori/chat-space,0.0,0.25,5.6047527E-5,5.6047527E-5,0.047867533
877,196878245,keshav1999/Amazon-Fine-Food-Review,0.0,0.25,5.6047527E-5,5.6047527E-5,0.047867533
878,196384457,lobsterpub/lnd,0.0,0.25,5.6047527E-5,5.6047527E-5,0.047867533
879,205482837,hatappi/tw,0.0,0.25,5.6047527E-5,5.6047527E-5,0.047867533
880,101742904,ass-a2s/illumos-extra,0.0,0.25,5.6047527E-5,5.6047527E-5,0.047867533
881,203387007,playcommunity/seckillPro,0.0,0.25,5.6047527E-5,5.6047527E-5,0.047867533
882,205541375,andrewMuntyan/gq,0.0,0.25,5.6047527E-5,5.6047527E-5,0.047867533
883,204586281,yuehaoa/HospitalHomeMobile,0.0,0.25,5.6047527E-5,5.6047527E-5,0.047867533
884,203925893,pixonoids/hillffair-2k19,0.0,0.25,5.6047527E-5,5.6047527E-5,0.047867533
885,205643322,aditya-ml/website,0.0,0.25,5.6047527E-5,5.6047527E-5,0.047867533
886,200010498,rewerma/canal,0.0,0.25,5.6047527E-5,5.6047527E-5,0.047867533
887,120219029,AresMUSH/ares-webportal,0.0,0.25,5.6047527E-5,5.6047527E-5,0.047867533
888,186927234,ghost-of-fantasy/display-front-end,0.0,0.25,5.6047527E-5,5.6047527E-5,0.047867533
889,197514379,temasql/TeamSQL,0.0,0.25,5.6047527E-5,5.6047527E-5,0.047867533
890,205201676,furgbol/furgbol-ai,0.0,0.25,5.6047527E-5,5.6047527E-5,0.047867533
891,205544168,local-market/android-app,0.0,0.25,5.6047527E-5,5.6047527E-5,0.047867533
892,197739373,fengjixuchui/iced,0.0,0.25,5.6047527E-5,5.6047527E-5,0.047867533
893,204627506,sertakicien2000/backfin,0.0,0.25,5.6047527E-5,5.6047527E-5,0.047867533
894,204358499,jessrezac/daily-practice,0.0,0.25,5.6047527E-5,5.6047527E-5,0.047867533
895,131573581,boushi-bird/3594t-discard-bookmarklet,0.0,0.25,5.6047527E-5,5.6047527E-5,0.047867533
896,111210658,bitdust-io/www,0.0,0.25,5.6047527E-5,5.6047527E-5,0.047867533
897,205493046,arv208/GADGET.IO-V3,0.0,0.25,5.6047527E-5,5.6047527E-5,0.047867533
898,191891579,group-19-087/cdap-web-app,0.0,0.25,5.6047527E-5,5.6047527E-5,0.047867533
899,170565693,xemoe/vue-treeview,0.0,0.25,5.6047527E-5,5.6047527E-5,0.047867533
900,137817093,nubank/state-flow,0.0,0.25,5.6047527E-5,5.6047527E-5,0.047867533
901,182654784,Cuihaokang/sample,0.0,0.25,5.6047527E-5,5.6047527E-5,0.047867533
902,205645183,1nFrastr/Tinyhttpd,0.0,0.25,5.6047527E-5,5.6047527E-5,0.047867533
903,196492066,dllmhliu/FSD-2,0.0,0.25,5.6047527E-5,5.6047527E-5,0.047867533
904,182418273,YuseqYaseq/Bomberman_AI,0.0,0.25,5.6047527E-5,5.6047527E-5,0.047867533
905,204772306,dguerrero10/SaiedWebsite,0.0,0.25,5.6047527E-5,5.6047527E-5,0.047867533
906,191010070,inditoot-com/mastodon,0.0,0.25,5.6047527E-5,5.6047527E-5,0.047867533
907,54379956,kfuse/drift-spirits-car-list,0.0,0.25,5.6047527E-5,5.6047527E-5,0.047867533
908,155991763,deckgo/deckdeckgo,2.7188469E-6,0.25,5.6047527E-5,2.8023764E-5,0.047863316
909,178729859,aarsol/sos_guards,0.0,0.24390244,6.165228E-4,6.165228E-4,0.04713151
910,201724978,laurajeann/crypto-portfolio,6.028491E-6,0.24242425,2.2419011E-4,7.473004E-5,0.046665072
911,203399341,occ2/nette-mapy-cz,0.0,0.24000001,3.3628516E-4,3.3628516E-4,0.046340983
912,205410861,jamescao1/eureka,0.0,0.24000001,3.3628516E-4,3.3628516E-4,0.046340983
913,201264240,YoonYeoSong/Parking,0.0,0.24000001,3.3628516E-4,3.3628516E-4,0.046340983
914,159132812,mark0725/tensorflow,0.0,0.24000001,1.6814258E-4,1.6814258E-4,0.04625691
915,204871667,BabyClosetGroup/BabyClosetServer,0.0,0.24000001,1.6814258E-4,1.6814258E-4,0.04625691
916,205614394,imran-shuvo/new-,0.0,0.2,1.4011882E-4,2.8023764E-4,0.04579578
917,148138849,BelikJulia/mp1-practice,0.0,0.23529412,4.4838022E-4,4.4838022E-4,0.04561272
918,205501946,bashkirtcev-leonid/points,0.0,0.23529412,3.3628516E-4,3.3628516E-4,0.04555667
919,205643807,xuanthuy78/minori,0.0,0.23529412,3.3628516E-4,3.3628516E-4,0.04555667
920,204527143,userforce/flex-pagination,0.0,0.23529412,2.2419011E-4,2.2419011E-4,0.04550062
921,204875791,sunshx-bioinfo/DataUrl,0.0,0.23529412,2.2419011E-4,2.2419011E-4,0.04550062
922,202175117,1nri/programs,0.0,0.23529412,2.2419011E-4,2.2419011E-4,0.04550062
923,204811213,zheniaz/ZTester,0.0,0.23529412,2.2419011E-4,2.2419011E-4,0.04550062
924,201501506,felipemarcel/Estrutura-de-dados,0.0,0.23529412,1.6814258E-4,1.6814258E-4,0.045472596
925,205512538,yamatatu00/favorite_architectures,0.0,0.23529412,1.6814258E-4,1.6814258E-4,0.045472596
926,195145357,stevezheng23/mrc_tf,0.0,0.23529412,1.12095055E-4,1.12095055E-4,0.045444574
927,151603520,nctuplus/nctuplus-api,0.0,0.23529412,1.12095055E-4,1.12095055E-4,0.045444574
928,187738424,OoinaruZer0/flupara,0.0,0.23076922,3.3628516E-4,3.3628516E-4,0.044802517
929,205549611,AlexandreOkita/hackaengage2019,0.0,0.15384616,2.055076E-4,6.165228E-4,0.044399306
930,203789844,tran0826/First-Team-Unity,0.0,0.1904762,1.4011882E-4,2.8023764E-4,0.04420848
931,205534164,fuga-naito23/naito-mercari,0.0,0.225,0.0010088555,0.0010088555,0.044177268
932,176141128,abhisharmab/abhisharmab.github.io,0.0,0.22222222,8.407129E-4,8.407129E-4,0.04363023
933,205613342,huanglm520/netty-web,0.0,0.22222222,5.604753E-4,5.604753E-4,0.04349011
934,77249231,ORESoftware/live-mutex,0.0,0.22222222,4.4838022E-4,4.4838022E-4,0.04343407
935,204553418,USSDlover/Attendance-Management-FA,0.0,0.22222222,4.4838022E-4,4.4838022E-4,0.04343407
936,203339537,frostornge/klaytn,0.0,0.22222222,3.923327E-4,3.923327E-4,0.043406043
937,198438211,amirated/preact,0.0,0.22222222,3.923327E-4,3.923327E-4,0.043406043
938,178724456,seatonullberg/cmstk,0.0,0.22222222,3.923327E-4,3.923327E-4,0.043406043
939,15792847,ajayandra/Gittest,0.0,0.0,5.6047527E-5,3.923327E-4,0.04335
940,205116307,THOMCS4/conrad-thomas.com,0.0,0.22222222,2.8023764E-4,2.8023764E-4,0.043349996
941,149701472,gabnetx/Java,0.0,0.22222222,2.8023764E-4,2.8023764E-4,0.043349996
942,203858638,takapro/hoshile-api,0.0,0.22222222,2.2419011E-4,2.2419011E-4,0.04332197
943,186253008,KennyCuoq/Versus,0.0,0.22222222,2.2419011E-4,2.2419011E-4,0.04332197
944,197886290,tung1998/cofeeShop,0.0,0.22222222,2.2419011E-4,2.2419011E-4,0.04332197
945,203868162,amitasghar/forum,0.0,0.22222222,2.2419011E-4,2.2419011E-4,0.04332197
946,205657122,Ashishkvs/hibernate-jpa-mastering,0.0,0.22222222,2.2419011E-4,2.2419011E-4,0.04332197
947,145782316,keser/keser-wedding,0.0,0.22222222,2.2419011E-4,2.2419011E-4,0.04332197
948,201608999,guryaniv/book-reviews,0.0,0.22222222,2.2419011E-4,2.2419011E-4,0.04332197
949,205644738,tarikcarli/gitLessons,0.0,0.22222222,2.2419011E-4,2.2419011E-4,0.04332197
950,204957545,sagormax/node-admin,0.0,0.22222222,2.2419011E-4,2.2419011E-4,0.04332197
951,184266102,iofu728/zsh.sh,2.3416462E-4,0.22222222,1.12095055E-4,1.12095055E-4,0.04330495
952,181323206,ftorres16/matchy,0.0,0.22222222,1.6814258E-4,1.6814258E-4,0.04329395
953,205613096,Jashkirat/android_device_google_taimen,0.0,0.22222222,1.6814258E-4,1.6814258E-4,0.04329395
954,196897244,Trickyyy/Oxide.Ext.Discord,0.0,0.22222222,1.6814258E-4,1.6814258E-4,0.04329395
955,205649646,kausi15/twitter_dashboard,0.0,0.22222222,1.6814258E-4,1.6814258E-4,0.04329395
956,174166640,YINZHI-keji/tensorflow,0.0,0.22222222,1.6814258E-4,1.6814258E-4,0.04329395
957,205643859,Laurentlsantos/GeospatialAnalysis,0.0,0.22222222,1.6814258E-4,1.6814258E-4,0.04329395
958,176830580,magnusp/ghstats,0.0,0.22222222,1.6814258E-4,1.6814258E-4,0.04329395
959,205630342,fatsky/UVa-Problems,0.0,0.22222222,1.6814258E-4,1.6814258E-4,0.04329395
960,203587576,TaylorCrofts/DGM1660,0.0,0.22222222,1.6814258E-4,1.6814258E-4,0.04329395
961,84458512,RedisGraph/RedisGraph,0.22222222,4.883629E-6,2.2419011E-4,2.4910012E-5,0.043289576
962,152252041,wintonBy/Gank-With-Kotlin,1.6106678E-6,0.22222222,1.6814258E-4,4.2035645E-5,0.0432732
963,129382022,mizi-lin/MasterRT,9.6472824E-8,0.22222222,1.6814258E-4,2.128387E-6,0.043266296
964,125262347,plotly/angular-plotly.js,1.031647E-7,0.22222222,1.6814258E-4,7.894018E-7,0.043266073
965,205647442,mschmid/household-categories,0.0,0.22222222,1.12095055E-4,1.12095055E-4,0.043265924
966,196949219,SwiftGGTeam/google-swift-style-guide-in-chinese,0.0,0.22222222,1.12095055E-4,1.12095055E-4,0.043265924
967,171577816,aka-katto/dandere2x,0.0,0.22222222,1.12095055E-4,1.12095055E-4,0.043265924
968,99532793,midudu/LeetCode,0.0,0.22222222,1.12095055E-4,1.12095055E-4,0.043265924
969,191822247,jdrakecode/django_solo,0.0,0.22222222,1.12095055E-4,1.12095055E-4,0.043265924
970,202356407,shg415/test,0.0,0.22222222,1.12095055E-4,1.12095055E-4,0.043265924
971,193008293,lealice927/memory_match_game,0.0,0.22222222,1.12095055E-4,1.12095055E-4,0.043265924
972,196325784,deodorantpower/mms,0.0,0.22222222,1.12095055E-4,1.12095055E-4,0.043265924
973,204480550,nuruljadid/asetapi,0.0,0.22222222,1.12095055E-4,1.12095055E-4,0.043265924
974,204453734,Prabhav55221/DebSoc,0.0,0.22222222,1.12095055E-4,1.12095055E-4,0.043265924
975,205629846,ohirofumi/larabot,0.0,0.22222222,1.12095055E-4,1.12095055E-4,0.043265924
976,58099655,2997ms/Competitive-programming-problems,0.0,0.22222222,1.12095055E-4,1.12095055E-4,0.043265924
977,205407152,ThreeYearOld/react-native-fs,0.0,0.22222222,1.12095055E-4,1.12095055E-4,0.043265924
978,172938639,z0day/cjxlist,0.0,0.22222222,1.12095055E-4,1.12095055E-4,0.043265924
979,203777741,nikijiandani/frontend-assessment,0.0,0.22222222,1.12095055E-4,1.12095055E-4,0.043265924
980,155621041,Chase817/Gen-Ed-Finder,0.0,0.22222222,1.12095055E-4,1.12095055E-4,0.043265924
981,204748066,VaheKhachatryan/JobSeeker,0.0,0.22222222,1.12095055E-4,1.12095055E-4,0.043265924
982,203474783,bw-use-my-tech-stuff/Front-End,0.0,0.22222222,1.12095055E-4,1.12095055E-4,0.043265924
983,21342535,ninton/jquery.jpostal.js,0.0,0.22222222,1.12095055E-4,1.12095055E-4,0.043265924
984,159042436,Hopetree/izone-docker,0.0,0.22222222,1.12095055E-4,1.12095055E-4,0.043265924
985,181474941,emmet-foss/emmet-mos-api,0.0,0.22222222,1.12095055E-4,1.12095055E-4,0.043265924
986,205244457,thinkful-ei-gecko/yulia-portfolio,0.0,0.22222222,1.12095055E-4,1.12095055E-4,0.043265924
987,193292007,youkidkk/python-utils,0.0,0.22222222,1.12095055E-4,1.12095055E-4,0.043265924
988,205619568,guoguo-fly/javascript,0.0,0.22222222,1.12095055E-4,1.12095055E-4,0.043265924
989,205605802,ceingenieria/ceingenieria.github.io,0.0,0.22222222,1.12095055E-4,1.12095055E-4,0.043265924
990,204194726,zackbatist/QualCoder,0.0,0.22222222,1.12095055E-4,1.12095055E-4,0.043265924
991,201323111,jayashreeDas28/master,0.0,0.22222222,1.12095055E-4,1.12095055E-4,0.043265924
992,205621872,Samnuge/ICP-2,0.22222222,0.0,5.6047527E-5,5.6047527E-5,0.043237906
993,201930599,HazardousHenkie/react-app,0.0,0.22222222,5.6047527E-5,5.6047527E-5,0.0432379
994,196836670,keshav1999/Personalized-Cancer-Diagnosis,0.0,0.22222222,5.6047527E-5,5.6047527E-5,0.0432379
995,144176757,Tiafeno/itjob,0.0,0.22222222,5.6047527E-5,5.6047527E-5,0.0432379
996,171470907,Eurus-Holmes/pytorch-pretrained-BERT,0.0,0.22222222,5.6047527E-5,5.6047527E-5,0.0432379
997,165007530,tumb1er/ElPrimero,0.0,0.22222222,5.6047527E-5,5.6047527E-5,0.0432379
998,205331296,Jasyyie/wooliesx.api,0.0,0.22222222,5.6047527E-5,5.6047527E-5,0.0432379
999,202666531,jackwade/huecomposer,0.0,0.22222222,5.6047527E-5,5.6047527E-5,0.0432379
1000,205615225,shylix/hello-world,0.0,0.22222222,5.6047527E-5,5.6047527E-5,0.0432379
